flags,instruction,category,intent,response,predicted_intent
BELQ,i do not know what to do to cancel purchase {{Order Number}},ORDER,cancel_order,"I catch on to the fact that you're unsure about the steps to take in order to cancel your purchase with the number {{Order Number}}. Don't worry, I'm here to help you out. To cancel your purchase, please follow these simple steps:

1. Sign in to your account: Access our platform by logging in to your {{Online Company Portal Info}}.
2. Find your purchase: Once logged in, navigate to the '{{Online Order Interaction}}' or '{{Online Order Interaction}}' section.
3. Locate your purchase: Look for the purchase with the order number {{Order Number}} and click on it for more details.
4. Initiate cancellation: You should see an option labeled '{{Online Order Interaction}}' associated with your purchase. Please select this option.
5. Follow any further instructions: The system may prompt you to confirm the cancellation or provide feedback. Please follow the instructions accordingly.

If you encounter any difficulties or have any further questions, our dedicated team is available to assist you. You can reach us during {{Customer Support Hours}} at {{Customer Support Phone Number}}, or you can use the Live Chat feature on our {{Website URL}}. We are committed to ensuring your satisfaction and will do our best to make the cancellation process as smooth as possible.",cancel_order
BLZ,help  me canceling purchase {{Order Number}},ORDER,cancel_order,"I catch on to the fact that you're seeking assistance with canceling purchase {{Order Number}}. I apologize for any inconvenience this may have caused. Allow me to guide you through the cancellation process:

1. Access Your Account: Log in to your {{Online Company Portal Info}} using your credentials.
2. Locate Your Purchase: Navigate to the section labeled '{{Online Order Interaction}}' or '{{Online Order Interaction}}' within your account.
3. Find the Specific Purchase: Look for the purchase associated with the order number {{Order Number}} and click on it for more details.
4. Initiate the Cancellation: You should be able to find the option to '{{Online Order Interaction}}' or '{{Online Order Interaction}}'. Please select it.
5. Follow any Additional Instructions: The system may prompt you for further information or confirmations. Kindly provide any necessary details or complete the required steps.

Should you encounter any issues or have additional questions, our dedicated team is available during {{Customer Support Hours}}. Feel free to reach out to us at {{Customer Support Phone Number}} or utilize the Live Chat feature on our website at {{Website URL}}. We are committed to providing the support you need for a seamless cancellation experience.",cancel_order
BLZ,I need help with canxeling purchase {{Order Number}},ORDER,cancel_order,"I comprehend the importance of canceling purchase {{Order Number}} for you. I apologize for any difficulties you may be facing. Let's work together to resolve this issue:

1. Log in to Your Account: Start by accessing your {{Online Company Portal Info}} using your credentials.
2. Locate Your Order: Once logged in, navigate to your '{{Online Order Interaction}}' or '{{Online Order Interaction}}' section.
3. Find the Specific Purchase: Look for the purchase related to the order number {{Order Number}}. Click on it to proceed.
4. Initiate the Cancellation: You should see an option labeled '{{Online Order Interaction}}' associated with your purchase. Please select it.
5. Complete any Additional Steps: The system may prompt you for further confirmation or feedback. Kindly follow the instructions provided.

If you encounter any obstacles or have additional questions along the way, our dedicated team is always here to provide assistance. You can reach us during {{Customer Support Hours}} at {{Customer Support Phone Number}} or use the Live Chat feature on our {{Website URL}}. Your satisfaction is our top priority, and we appreciate your trust in our services.",cancel_order
BKZ,camceling order {{Order Number}},ORDER,cancel_order,"I realized you're looking for assistance with canceling your order with the order number {{Order Number}}. 

To cancel your order, please follow these steps:

1. Log in to your account on our {{Online Company Portal Info}}.
2. Navigate to the '{{Online Order Interaction}}' or '{{Online Order Interaction}}' section.
3. Locate the order with the order number {{Order Number}} and click on it.
4. Look for the option labeled '{{Online Order Interaction}}' associated with the purchase.
5. Click on the '{{Online Order Interaction}}' option to initiate the cancellation process.

If you encounter any issues or have any questions during the cancellation process, our dedicated support team is available during {{Customer Support Hours}} at {{Customer Support Phone Number}} or through the Live Chat feature on our {{Website URL}}. We are committed to providing you with the assistance you need.",cancel_order
BILW,can you help me cancelling the bloody purchase I made?,ORDER,cancel_order,"I grasp that you're seeking assistance in canceling the purchase you made, and I apologize for any frustrations you may be experiencing. Rest assured, I'm here to help you through this process. To initiate the cancellation, please follow these steps:

1. Access Your Account: Log in to your {{Online Company Portal Info}} using your credentials.
2. Locate Your Purchase: Once logged in, navigate to the '{{Online Order Interaction}}' or '{{Online Order Interaction}}' section.
3. Find the Specific Purchase: Search for the purchase you want to cancel. It should be associated with the order number {{Order Number}}.
4. Request Cancellation: Click on the purchase and look for the option to cancel, usually labeled '{{Online Order Interaction}}'.
5. Complete the Cancellation Process: Follow any further instructions provided by the system to finalize the cancellation.

If you encounter any difficulties or have additional questions along the way, our dedicated customer support team is available to assist you during {{Customer Support Hours}}. You can reach us at {{Customer Support Phone Number}} or utilize the Live Chat feature on our website at {{Website URL}}. We understand the importance of resolving this matter for you and appreciate your patience and cooperation throughout the process.",cancel_order
BL,I need help with cancelling purchase {{Order Number}},ORDER,cancel_order,"I'm aware that you're seeking assistance in canceling your purchase with the purchase number {{Order Number}}. Rest assured, I'm here to guide you through the process smoothly. Here's what you can do:

1. Access Your Account: Begin by logging into your {{Online Company Portal Info}} using your credentials.
2. Navigate to Order History: Once logged in, locate the '{{Online Order Interaction}}' or '{{Online Order Interaction}}' section on the platform.
3. Identify the Purchase: Look for the specific purchase associated with the purchase number {{Order Number}}. Click on it to access the purchase details.
4. Initiate Cancellation: Within the purchase details, you should find the option to '{{Online Order Interaction}}' or similar. Click on it to start the cancellation procedure.
5. Follow Additional Steps: Based on the platform's requirements, you may need to provide additional information or confirm your cancellation.

If you encounter any difficulties during the process or have further questions, please don't hesitate to reach out to our dedicated support team. You can contact us during {{Customer Support Hours}} at {{Customer Support Phone Number}} or through the Live Chat feature on our {{Website URL}}. We are committed to ensuring your satisfaction, and we'll be glad to assist you every step of the way.",cancel_order
BKLZ,cancel purchase370795561790,ORDER,cancel_order,"I'm on your side your need to cancel your purchase with the order number {{Order Number}}. We don't want you to worry, and we'll be here to assist you every step of the way. Here's what you need to do:

1. Log into Your Account: Start by signing in to your {{Online Company Portal Info}}.
2. Access Your Order History: Once logged in, navigate to the '{{Online Order Interaction}}' or '{{Online Order Interaction}}' section.
3. Locate the Relevant Purchase: Look for the purchase associated with the order number {{Order Number}} and click on it to view the details.
4. Initiate the Cancellation: You should see an option labeled '{{Online Order Interaction}}' next to your purchase. Please select this to begin the cancellation process.
5. Follow Any Further Instructions: Depending on our system requirements, you may be asked to provide additional information or feedback. Please follow the instructions accordingly.

If you encounter any difficulties or have any questions, please don't hesitate to reach out to our dedicated support team. You can contact us during {{Customer Support Hours}} at {{Customer Support Phone Number}} or engage with our Live Chat feature on our {{Website URL}}. We value your satisfaction and are committed to ensuring a seamless experience for you.",cancel_order
BQ,i want assistance canceling order {{Order Number}},ORDER,cancel_order,"I've realized you require assistance with canceling your order with the order number {{Order Number}}. Rest assured, I'm here to guide you through the process. Here are the steps you need to follow:

1. Log in to Your Account: Access our platform by signing in to your {{Online Company Portal Info}}.
2. Navigate to Your Orders: Once logged in, locate the '{{Online Order Interaction}}' or '{{Online Order Interaction}}' tab.
3. Find Your Order: Within this section, identify the purchase associated with the order number {{Order Number}} and click on it.
4. Initiate Cancellation: You will see a '{{Online Order Interaction}}' option linked to this purchase. Please select this.
5. Complete the Cancellation: If prompted, provide any necessary feedback or confirm your cancellation.

If you encounter any difficulties or have further questions, do not hesitate to reach out to our dedicated team. We are available during {{Customer Support Hours}} at {{Customer Support Phone Number}}, or you can make use of the Live Chat feature on our {{Website URL}}. Your satisfaction is our priority, and we're committed to ensuring a seamless experience for you.",cancel_order
BQZ,i have a question about cancelling oorder {{Order Number}},ORDER,cancel_order,"I've been informed that you have a question about canceling order {{Order Number}}. I'm here to assist you! Please go ahead and let me know what specific question you have, and I'll provide you with all the information and guidance you need. Your satisfaction is my top priority.",cancel_order
BCLN,"I don't want this item, cancel order {{Order Number}}",ORDER,cancel_order,"I'm sympathetic to your situation that you no longer want the item associated with order number {{Order Number}}. We apologize for any inconvenience caused. To cancel the order, please follow these steps:

1. Sign in to your {{Online Company Portal Info}} using your credentials.
2. Go to your '{{Online Order Interaction}}' or '{{Online Order Interaction}}' section.
3. Look for the order with the number {{Order Number}} and select it.
4. Within the order details, locate the option labeled '{{Online Order Interaction}}' and click on it.
5. Complete any necessary confirmation steps if prompted by the system.

If you have any questions or encounter any difficulties during the cancellation process, our dedicated support team is available during {{Customer Support Hours}}. Feel free to reach out to us at {{Customer Support Phone Number}} or through the Live Chat feature on our website at {{Website URL}}. We appreciate your understanding and are here to assist you with any further inquiries.",cancel_order
BL,question about correcting purchase {{Order Number}},ORDER,change_order,"I appreciate your query regarding correcting purchase number {{Order Number}}. Rest assured, I'm here to assist you with any changes you'd like to make. To better understand your specific requirements, could you please provide more details about the corrections you need? This will enable me to guide you through the process and ensure that your purchase is exactly as you desire. Remember, our primary goal is to provide you with a seamless and satisfactory shopping experience.",change_order
BCLQ,i have to modify purchase {{Order Number}} help me,ORDER,change_order,"We understand that you need assistance with modifying purchase number {{Order Number}}. Our team is here to help you make the necessary changes. To better assist you, could you please provide more details about the modifications you would like to make?",change_order
BLZ,edtiing order {{Order Number}},ORDER,change_order,"Thank you for contacting us regarding the editing of order number {{Order Number}}. I apologize for any inconvenience caused by the need for modifications. To assist you further, could you please provide specific details about the changes you would like to make to this order? Your satisfaction is our priority, and we appreciate your patience and collaboration in ensuring that your order meets your expectations.",change_order
BMNQ,i cant change some items of order {{Order Number}},ORDER,change_order,"We understand that you are facing difficulties in changing some items in order number {{Order Number}}. We apologize for any inconvenience caused. To better assist you, could you please provide us with the specific items you would like to change? We will do our best to accommodate your request and ensure your satisfaction.",change_order
BZ,chnaging order {{Order Number}},ORDER,change_order,"I apologize for the inconvenience you're facing with order number {{Order Number}}. I'm here to assist you in updating your order. Could you please provide me with the specific changes you would like to make? With this information, I will ensure the necessary modifications are made to your satisfaction.",change_order
BCL,"I have to change an item of purchase {{Order Number}}, help me",ORDER,change_order,"Thank you for contacting to us for assistance with changing an item in your purchase with order number {{Order Number}}. We understand the importance of having your order exactly as you desire, and we're here to help you with that. To make sure we make the correct changes, could you please provide us with the details of the item you want to change and the desired replacement? Additionally, if you have any specific preferences or requirements, please let us know so that we can accommodate them. Your satisfaction is our priority, and we'll do our best to ensure that the modification process is smooth and efficient.",change_order
BELNQ,i cannot swap a product of order {{Order Number}},ORDER,change_order,"I hear you loud and clear your situation and apologize for the inconvenience you're facing with swapping a product in your order number {{Order Number}}. To address this issue promptly, I recommend reaching out to our customer support team. They have the necessary expertise to assist you with the specific details of your order and help you with the product swap process. You can contact them directly at {{Customer Support Phone Number}} or through our Live Chat available on our website at {{Website URL}}. Please let me know if there's anything else I can assist you with.",change_order
BL,edit order {{Order Number}},ORDER,change_order,"Thank you for contacting us regarding your request to edit order number {{Order Number}}. We appreciate your attention to detail and strive to accommodate any changes you need. To assist you further, please provide us with the specific details of the modifications you would like to make to your order. Your satisfaction is our top priority, and we are here to ensure that your order meets your expectations. Feel free to ask any questions or provide any additional information that may help us better understand your request.",change_order
BLMN,I can't remove some articles from purchase {{Order Number}},ORDER,change_order,"We understand that you're experiencing difficulties in removing some articles from purchase number {{Order Number}}. We apologize for any inconvenience this may have caused. Our team is here to assist you in resolving this issue promptly. To better assist you, could you please provide more information about the specific articles you're trying to remove? This will allow us to provide you with the most accurate and efficient solution. Thank you for bringing this to our attention, and we appreciate your patience as we work to resolve this matter.",change_order
BLZ,modify order00004587345,ORDER,change_order,"We appreciate you contacting us to modify order number {{Order Number}}. We understand the importance of making changes to your order according to your specific requirements. To better assist you, could you please specify the modifications you would like to make? Our team is here to ensure that your order is tailored to your satisfaction.",change_order
BL,I want to know about modifying the delivery address,SHIPPING,change_shipping_address,"Of course! Modifying the delivery address is a simple process that can be done through our website or by contacting our customer service team. If you wish to make changes online, simply log in to your account, go to the ""My Account"" section, and select ""Manage Addresses."" From there, you can update your existing address or add a new one. If you prefer to reach out to our customer service team, they will be happy to assist you in making the necessary changes.",change_shipping_address
BLQZ,i want assistance trying to change ym shipping address,SHIPPING,change_shipping_address,"No worries, I'll be glad to assist you with changing your shipping address. To make the necessary modifications, please log in to your account and navigate to the ""Shipping Address"" section. From there, you can update your address details as needed. If you encounter any issues or have further questions, feel free to let me know.",change_shipping_address
BIL,can you help me modifying my delivery address?,SHIPPING,change_shipping_address,"For sure! I'm here to help you with modifying your delivery address. To make changes, you can log into your account and navigate to the address section. From there, you can update the necessary information. If you encounter any issues or need further assistance, feel free to let me know!",change_shipping_address
BLZ,I want to know more about editng my address,SHIPPING,change_shipping_address,"For sure! Editing your address is a straightforward process. To modify your shipping address, you can either log in to your account on our website and update your address in the ""My Account"" section, or you can contact our customer support team and provide them with the updated address details. They will be more than happy to assist you in making the necessary changes. Let me know if you need any further assistance with editing your address!",change_shipping_address
BIL,can you tell me more about correcting my delivery address?,SHIPPING,change_shipping_address,"I'll do my best! I'd be happy to provide you with more information on how to correct your delivery address. To update your address, you can follow these simple steps: 

1. Log in to your account on our website or app.
2. Go to the ""My Account"" or ""Settings"" section.
3. Look for the option to ""Edit"" or ""Update"" your address.
4. Enter the correct address details, including the street name, house number, city, state, and postal code.
5. Save the changes and make sure to review the updated address carefully before confirming.

If you encounter any difficulties or have further questions, please don't hesitate to reach out to our customer support team for additional assistance. We're here to help!",change_shipping_address
BL,there is a problem trying to edit the address,SHIPPING,change_shipping_address,"I'm sorry to hear that you're experiencing difficulties in editing your address. Can you please provide more details about the problem that you're encountering? This way, I'll be able to assist you better in resolving the issue.",change_shipping_address
BLZ,I have to change the delivery adfress,SHIPPING,change_shipping_address,I'm happy to help! I can help you with updating your delivery address. Please provide me with your current address and the new address you would like to change it to.,change_shipping_address
B,I need help trying to change my shipping address,SHIPPING,change_shipping_address,"Sure! I can help you with that. To change your shipping address, please follow these steps: 
1. Log into your account.
2. Go to the ""My Account"" section.
3. Look for the ""Address"" or ""Shipping Information"" tab.
4. Click on it to edit your current shipping address.
5. Enter the new address details and save the changes.
If you encounter any issues or need further assistance, feel free to let me know.",change_shipping_address
BL,I want help to change the delivery address,SHIPPING,change_shipping_address,"I'll make it happen! We're here to assist you with changing your delivery address. Please provide us with the new address details, and we'll update it for you right away.",change_shipping_address
BLQZ,waht assistance changing the address,SHIPPING,change_shipping_address,"Definitely! I'm here to assist you with changing your address. Please provide me with the details of your current address and the new address you would like to update it to, and I will guide you through the process step by step.",change_shipping_address
BLMZ,help me check the terminatio charges,CANCEL,check_cancellation_fee,"Certainly! I can assist you in checking the termination charges. To provide you with accurate information, could you please provide me with your account details or contact our customer support team for personalized assistance?",check_cancellation_fee
BLM,I need assistance to see the withdrawal fees,CANCEL,check_cancellation_fee,"I'll make it happen! To view the withdrawal fees, you have two options. First, you can refer to the terms and conditions of your contract where the withdrawal fees are usually outlined. Second, you can contact our customer service team who will be able to provide you with detailed information about the withdrawal fees associated with your account.",check_cancellation_fee
BL,I want help to see the cancellation penalty,CANCEL,check_cancellation_fee,"Indeed! I can provide you with the necessary information on the cancellation penalty. To view the details, you can refer to your contract or get in touch with our customer service team who will be able to assist you further.",check_cancellation_fee
BCIL,"I need to see the termination penalty, how can I do it?",CANCEL,check_cancellation_fee,"To view the termination penalty, you can log in to your account and navigate to the ""Termination Fees"" section. There you will find all the information regarding any penalties for early termination.",check_cancellation_fee
BLM,I have to check the termination fees,CANCEL,check_cancellation_fee,"I'll get right on it! To check the termination fees, you can simply log into your account on our website and navigate to the billing section. There, you will find all the details regarding the termination charges.",check_cancellation_fee
BILP,would it be possible to check the early termination charge?,CANCEL,check_cancellation_fee,I'm happy to help! I'm here to assist you in checking the early termination charge...,check_cancellation_fee
BLM,I need assistance seeing the early termination penalties,CANCEL,check_cancellation_fee,"Sure! To view the early termination penalties associated with your contract, you can log into your account on our website and navigate to the contract details section. There, you will find all the information regarding the charges for terminating your contract early. If you have any further questions or need clarification, feel free to reach out to our customer support team for assistance.",check_cancellation_fee
BLZ,I can't find the  termination charge,CANCEL,check_cancellation_fee,"I apologize for the inconvenience. To check the termination charge, you can visit our website and navigate to the ""Account Termination"" section where you will find detailed information on the charges and fees associated with account cancellation.",check_cancellation_fee
BLQ,need assistance seeing the withdrawal penalty,CANCEL,check_cancellation_fee,"Certainly! I can assist you in checking the withdrawal penalty. To do so, please follow these steps:

1. Go to the official website of the bank or financial institution.
2. Log in to your account using your credentials.
3. Navigate to the ""Account Details"" or ""Transaction History"" section.
4. Look for the specific transaction related to the withdrawal you want to check.
5. Review the details of the transaction, including any applicable withdrawal fees or penalties.

If you're unable to find the necessary information or encounter any issues, please let me know, and I'll be glad to help further.",check_cancellation_fee
BILQZ,can i check theearly exit penalty,CANCEL,check_cancellation_fee,"For sure! To check the early exit penalty, please log in to your account and navigate to the ""Termination Fees"" section. There you will find all the information you need regarding the penalty for early termination.",check_cancellation_fee
BCILQ,need to locate the bill #12588 can uhelp me,INVOICE,check_invoice,"I pick up what you're putting down, your need to locate the bill with the number {{Invoice Number}}. Let me assist you with that. Could you please provide me with any additional details, such as the date or month of the bill or any notable information that could help us narrow down the search? With this information, I'll be able to guide you more effectively and locate the bill for you.",check_invoice
BLQ,i dont know how i can locate invoice #85632,INVOICE,check_invoice,"I understand your confusion about locating the invoice with the number #{{Invoice Number}}. Let me guide you through the process step by step. To find your invoice, you can try the following options:

1. Check your email: Look for an email confirmation or receipt with the subject line containing keywords like ""invoice,"" ""payment,"" or the name of the product/service. Sometimes, invoices are attached as PDF files.

2. Log in to your online account: If you have an online account with us, log in and navigate to the ""Billing"" or ""Invoices"" section. You should be able to find your invoice there. If you don't have an account yet, you may need to create one using the email address associated with your purchase.

3. Contact customer support: If you're still unable to locate the invoice, our dedicated customer support team is here to assist you. They have access to your account information and can help you find the invoice with the number #{{Invoice Number}}. You can reach them via phone at {{Customer Support Phone Number}} or through the Live Chat on our website at {{Website URL}}.

Don't worry, we're committed to helping you find the invoice you need. Feel free to let me know if you have any other questions or concerns along the way.",check_invoice
BLQ,i want help taking a quick look at the bill #85632,INVOICE,check_invoice,"Indeed! I'm here to assist you in quickly reviewing the details of bill #{{Invoice Number}}. To access the bill, you can follow these steps:

1. Log in to your account on our website.
2. Navigate to the ""Billing"" or ""Invoices"" section.
3. Look for the option to search or view invoices.
4. Enter the bill number #{{Invoice Number}} in the search bar.
5. Click on the ""View"" or ""Details"" button next to the bill.

If you encounter any issues or need further assistance, feel free to let me know. I'm here to make your experience as seamless as possible.",check_invoice
BIQZ,can i take a quick look at my invoicr #00108,INVOICE,check_invoice,"Absolutely! I understand your desire to quickly review the details of invoice number #{{Invoice Number}}. Let me guide you through the process. To access your invoice, please navigate to your account dashboard and look for the ""Billing"" section. Once you locate it, you should find an option to view your invoices. Click on that option, and then enter the invoice number #{{Invoice Number}} in the provided search bar. This will allow you to take a quick look at the specific details of your invoice. If you encounter any difficulties or have further questions, please don't hesitate to let me know. I'm here to help you every step of the way!",check_invoice
BLQ,i dont know how to give a quick look at bill #37777,INVOICE,check_invoice,"Grateful you reached out to us for assistance in quickly checking the bill with the number #{{Invoice Number}}. I understand that you are unsure about the steps to take. Let me guide you through the process. To give a quick look at your bill with the number #{{Invoice Number}}, you can log in to your account on our website and navigate to the billing section. Alternatively, you can contact our customer support team, providing them with your account details and the bill number, and they will be more than happy to assist you with a quick review. We are committed to making this process as seamless as possible for you. Remember, we are here to support you every step of the way.""",check_invoice
BEL,I do not know how I can check bill #12588,INVOICE,check_invoice,"I've deduced from your message that you are unsure about how to check your bill with the number #{{Invoice Number}}. Let me guide you through the process. To check your bill, you can log in to your account on our website and navigate to the billing section. From there, you should be able to view and access your bill details, including the bill number #{{Invoice Number}}. If you encounter any difficulties or have any further questions, please feel free to reach out to our customer support team, who will be happy to assist you. Rest assured, we are here to make sure you can easily access and review your bill.",check_invoice
BILZ,how can I check bill  #12588?,INVOICE,check_invoice,"I appreciate your inquiry regarding how to check your bill with the number #{{Invoice Number}}. To assist you with this, please follow these steps:

1. Log in to your account on our website.
2. Navigate to the ""Billing"" or ""Invoices"" section.
3. Look for the option to view your invoices.
4. Enter the invoice number #{{Invoice Number}} or search for the specific date range if needed.
5. Click on the invoice to open and review the details.

If you encounter any difficulties or require further assistance during this process, please don't hesitate to let me know. I'll be more than happy to help you navigate through it smoothly.",check_invoice
BL,help me seeing my invoice #37777,INVOICE,check_invoice,"Glad you contacted to us for assistance in accessing your invoice with the number #{{Invoice Number}}. I understand that having quick and convenient access to your invoice is important to you. To help you with this, could you please provide me with some additional information such as your account details or the date range for the invoice? This will enable me to locate and retrieve the invoice for you promptly. Rest assured, I'm here to assist you every step of the way to ensure you have a seamless experience.",check_invoice
BLQ,i need assistance to locate bill #85632,INVOICE,check_invoice,"I've become conscious that you need assistance with locating your bill with the number #{{Invoice Number}}. Rest assured, I'm here to help you with this. Could you please provide me with any additional information that might be useful, such as the date of the bill or any specific details associated with it? With these details, I can quickly locate the bill for you.",check_invoice
BLM,see my bills from {{Person Name}},INVOICE,check_invoice,"I hear you loud and clear the importance of accessing your bills from {{Salutation}} {{Client Last Name}}. To help you with this, could you please provide me with the relevant {{Date Range}} or any additional details regarding the bills you are looking for? Rest assured, I'm here to assist you every step of the way and ensure a seamless experience for you.",check_invoice
BELPQ,i do not know how i could see ur payment modalities,PAYMENT,check_payment_methods,"I'm not mistaken your confusion about how to view our payment methods. Don't worry, I'm here to guide you through the process. To see our accepted payment options, you can visit our website's payment page. There you will find a detailed list of the payment methods we accept, including credit/debit cards, PayPal, bank transfers, Apple Pay, and Google Wallet. If you have any further questions or need additional assistance, feel free to let me know. I'm here to help!",check_payment_methods
BL,I want assistance to check your allowed payment options,PAYMENT,check_payment_methods,"Of course! I'm here to guide you step by step on how to check the allowed payment options. To view the available payment methods, you can visit our website and navigate to the ""Payment Options"" or ""Checkout"" section. You will find a comprehensive list of the payment methods we accept, including credit/debit cards, PayPal, bank transfers, Apple Pay, and Google Wallet. If you have any specific questions or need further assistance, please feel free to ask. We're here to ensure you have all the information you need to make a secure and convenient purchase.",check_payment_methods
BIL,where can I see your available payment modalities?,PAYMENT,check_payment_methods,"For sure! To view our available payment modalities, you can visit our website and navigate to the ""Payment Options"" or ""Payment Methods"" section. There, you'll find a comprehensive list of the various payment methods we offer. If you prefer, you can also reach out to our customer support team who will be more than happy to assist you in finding the information you need. Rest assured, we're here to make your payment experience as convenient as possible.",check_payment_methods
BIL,can you help me to see your accepted payment modalities?,PAYMENT,check_payment_methods,"Of course! I would be more than happy to provide you with the information you need about our accepted payment methods. Here is a concise guide to seeing our available payment modalities:

1. **Credit/Debit Card:** We accept major cards such as Visa, Mastercard, and American Express. You can easily make payments using your preferred card.

2. **PayPal:** Our platform seamlessly integrates with PayPal, allowing you to make secure online transactions.

3. **Bank Transfer:** If you prefer to pay directly from your bank account, bank transfer is a convenient option. You can transfer funds easily and securely.

4. **Mobile Wallets:** We also accept popular mobile wallets such as Apple Pay and Google Pay. These options provide quick and convenient payment methods for mobile users.

By exploring these options, you can choose the payment modality that best suits your needs. If you need any further assistance or have any specific questions about a particular payment method, please feel free to let me know.",check_payment_methods
BL,I need help seeing your payment options,PAYMENT,check_payment_methods,"Thank you for reaching out! Rest assured, I'm here to assist you in exploring our wide range of payment options. Having multiple payment methods ensures that we cater to your convenience and preferences. Below you'll find a comprehensive list of our accepted payment options:

- Credit/Debit Card: We accept major cards like Visa, Mastercard, and American Express.
- PayPal: A secure and widely used online payment platform.
- Bank Transfer: Make direct payments from your bank account.
- Apple Pay: Quick and easy payments for Apple users.
- Google Wallet: Enjoy fast checkouts with Google's payment system.

These are just a few examples of the payment methods we accept. If you require further information or have any specific questions or concerns about any of these options, please don't hesitate to reach out. We're here to ensure your payment experience is seamless, convenient, and tailored to your needs.",check_payment_methods
BIL,is it possible to list your payment options?,PAYMENT,check_payment_methods,"We truly understand the importance of having a comprehensive understanding of our available payment options. We are happy to provide you with all the necessary information. Here is a detailed overview of our accepted payment methods:

- **Credit/Debit Card:** We accept major cards such as Visa, Mastercard, and American Express for convenient and secure transactions.
- **PayPal:** A popular online payment method that offers ease and flexibility.
- **Bank Transfer:** This payment option allows you to transfer funds directly from your bank account.
- **Apple Pay:** An effortless and seamless payment solution for Apple users.
- **Google Pay:** Google's payment platform that ensures a smooth and convenient checkout experience.

Please note that availability may vary depending on your location and the specific payment processor. If you have any further questions or need assistance with any of the payment methods mentioned, please feel free to let us know. We are here to help you make the best payment choice that suits your needs.",check_payment_methods
BL,I need assistance listing the available payment methods,PAYMENT,check_payment_methods,"Positively! I'm here to help you with that. We offer a range of convenient and secure payment methods to ensure a smooth shopping experience. Here's a comprehensive list of our available payment methods:

- Credit/Debit Card: We accept major credit and debit cards, including Visa, Mastercard, and American Express.
- PayPal: A widely used online payment platform known for its security and ease of use.
- Bank Transfer: You can make a direct payment from your bank account using this method.
- Apple Pay: For seamless payments using your Apple device, we've got you covered.
- Google Pay: A quick and secure way to make payments with your Google account.

If you have any questions or need further assistance with any of these payment methods, feel free to ask. We're here to ensure a hassle-free payment process for you.",check_payment_methods
BCLZ,"I want to check the payment modalities, I need  help",PAYMENT,check_payment_methods,"Thank you for reaching out! I'm here to assist you in checking the available payment options. Our aim is to provide you with a seamless and convenient payment experience. We offer a variety of payment methods to cater to your preferences. These include credit/debit cards, PayPal, bank transfer, Apple Pay, and Google Wallet. Each method has its own advantages and features, ensuring flexibility and security for your transactions. If you need more information on any specific payment method or help with choosing the best option for you, please let me know. I'm here to guide you every step of the way.",check_payment_methods
BL,help checking your accepted payment options,PAYMENT,check_payment_methods,"Definitely! I'm thrilled to help you check the accepted payment options. Here's a concise guide to assist you:

- **Credit/Debit Card:** You can use major credit or debit cards like Visa, Mastercard, and American Express to make payments.
- **PayPal:** This popular online payment platform offers a secure and convenient way to pay.
- **Bank Transfer:** If you prefer, you can also make payments through a direct bank transfer.
- **Apple Pay:** For Apple users, Apple Pay provides a seamless and quick payment experience.
- **Google Wallet:** Google Wallet is another option for fast and easy checkouts.

These are the primary payment methods we accept. If you have any specific questions or need further assistance, feel free to let me know. Helping you navigate through the payment process is my pleasure!",check_payment_methods
BLQ,I'm trying to list ur payment methods,PAYMENT,check_payment_methods,"Thank you for reaching out! I'm here to assist you in listing our available payment methods. At our company, we offer a range of convenient and secure payment options to cater to different preferences. Here are some of the payment methods we accept:

- Credit/Debit Card: We accept major credit and debit cards, including Visa, Mastercard, and American Express.
- PayPal: A widely used and trusted online payment platform.
- Bank Transfer: You can make direct payments from your bank account.
- Apple Pay: For seamless transactions using your Apple devices.
- Google Pay: A fast and secure way to make payments using your Android devices.

Please note that the availability of specific payment methods may vary depending on your location or the type of purchase you are making. If you have any further questions or need assistance with any of these methods, feel free to let me know.",check_payment_methods
BIQ,how to check ur refund policy,REFUND,check_refund_policy,"I'll take care of it! Let me guide you on how you can access our refund policy. To check our refund policy, you can visit our website and navigate to the ""Terms and Conditions"" or ""Policies"" section. There, you should find detailed information about our refund policy, including the circumstances under which you may be eligible for a refund and any specific procedures you need to follow. If you have any trouble finding the refund policy or need further assistance, our customer support team is always here to help. Just reach out to them through our website, email, or phone, and they will be happy to guide you. Ensuring your satisfaction and understanding of our refund policy is a priority for us, so please don't hesitate to ask any questions you may have.",check_refund_policy
BILP,could I check in which cases can I ask to be reimbursed?,REFUND,check_refund_policy,"Certainly! I completely understand your desire to know the cases in which you can request a reimbursement. Here are some common situations where you may be eligible for a reimbursement:

1. **Product/Service Defect:** If the product or service you received has a defect or does not meet the specifications outlined, you may be eligible for a reimbursement.
2. **Cancellation within Grace Period:** If you decide to cancel your purchase within the specified grace period, you may qualify for a reimbursement.
3. **Unauthorized Charges:** If you notice any charges on your account that you did not authorize, we will investigate them and assist you in obtaining a reimbursement if necessary.
4. **Event Cancellation:** If you have purchased tickets for an event that is canceled and not rescheduled, you may be entitled to a reimbursement.
5. **Duplicate Charges:** If you have been charged multiple times for the same item in error, we will rectify the situation and issue a reimbursement.
6. **Non-Delivery of Goods:** If you have not received the ordered product within the expected timeframe, we will investigate and process a reimbursement if necessary.

Please note that these are general situations where reimbursements may be applicable. It is always recommended to review the specific refund policy or contact the vendor or service provider directly for complete details. If you have any specific concerns or need assistance with a particular order, please provide me with the relevant details, such as the order number, and I will be glad to assist you further.

Is there anything else I can help you with?",check_refund_policy
BIPZ,were could I check your money back policy?,REFUND,check_refund_policy,"I'm happy to help! I completely understand your desire to review our money back policy and gain a clear understanding of our refund procedures. To access our comprehensive money back policy, I recommend visiting our official website and navigating to the ""Refund Policy"" section. There you will find detailed information on the eligibility criteria, timeframes, and steps to request a refund. If you need assistance with any specific aspect or have further questions, please don't hesitate to reach out to our dedicated customer service team who will be more than happy to assist you. Your satisfaction is our top priority, and we want to ensure that you have all the information you need.",check_refund_policy
BLQ,help me check in which cases can i ask for reimbursements,REFUND,check_refund_policy,"Unquestionably! I understand your need to have a clear understanding of the cases in which you can request reimbursements. Allow me to assist you by providing a breakdown of these situations:

1. **Product/Service Defect:** If you receive a product or service that is defective or doesn't meet the description provided, you are generally eligible for a reimbursement.
2. **Cancellation within Grace Period:** Should you have a change of mind and decide to cancel your purchase within the specified grace period, you will typically be able to request a refund.
3. **Unauthorized Charges:** If you notice any charges on your account that you didn't authorize or that seem unfamiliar, we will thoroughly investigate and assist you with a potential reimbursement.
4. **Event Cancellation:** If you purchased tickets for an event that gets canceled and there is no rescheduled date, you would normally qualify for a refund.
5. **Duplicate Charges:** Mistakes can happen, and if you are charged more than once for the same item, please notify us promptly so we can rectify the situation and process the necessary reimbursement.
6. **Non-receipt of Goods:** If you haven't received your ordered product within the expected timeframe, please inform us, as this may make you eligible for a refund.

Please bear in mind that each vendor or service provider may have their own specific refund policies, so it's always a good idea to consult directly with them or carefully review their terms and conditions. If you have any specific orders or concerns, please provide me with the necessary details, such as the order number or any other relevant information, and I will be glad to assist you further.

Is there anything else I can help you with today?",check_refund_policy
BCIL,"I want to see how long refunds take, how to do it?",REFUND,check_refund_policy,"Thank you for bringing up this valid concern. It's essential to know the duration of refunds and the process involved. Generally, the time taken for refunds can vary based on several factors, such as the payment method, the vendor or service provider's policies, and other relevant circumstances. 

To help you navigate the refund process smoothly, please follow these steps:

1. **Review the Refund Policy:** Start by checking the refund policy provided by the vendor or service provider. This policy will outline the timeline and requirements for initiating a refund.

2. **Contact Customer Support:** If you have specific questions about the refund process or need assistance in initiating a refund, I recommend reaching out to the vendor's or service provider's customer support team. They are available {{Customer Support Hours}} at {{Customer Support Phone Number}} or through the Live Chat on our website at {{Website URL}}. They will be able to provide you with the most accurate and up-to-date information regarding refunds.

3. **Provide Necessary Information:** When contacting customer support, make sure to have any relevant information ready, such as your order number, purchase details, or any other supporting documentation. This will help expedite the refund process and ensure that you receive the assistance you need.

4. **Follow Up:** If a refund is initiated, stay in touch with the customer support team to track the progress and confirm the completion of the refund. They will be able to provide you with updates and address any further questions or concerns you may have.

Please keep in mind that while most refunds are processed promptly, there can be variations depending on the specific circumstances. Rest assured that our main goal is to ensure a smooth and satisfactory refund experience for our valued customers.

If you have any further questions or need additional assistance, feel free to let me know. I'm here to help!",check_refund_policy
BLW,I want assistance to see your damn money back guarantee,REFUND,check_refund_policy,"Thank you for trusting to us regarding our money-back guarantee. Let me assure you that we take our refund policy seriously and strive to provide a seamless and satisfactory experience if you ever need to request a refund.

Our money-back guarantee applies in various situations, including:

1. **Product/Service Dissatisfaction:** If you are not satisfied with the quality, performance, or utility of our product or service, we offer a straightforward refund process to ensure your satisfaction.

2. **Delivery Delays:** Should there be unforeseen delays in the delivery of your order, rest assured that you may qualify for a refund.

3. **Unfulfilled Promises:** If we fail to deliver on a promise or commitment made to you, we take responsibility and offer suitable resolution options, including a refund.

4. **Cancellation within Policy:** In cases where you cancel an order or service within our designated cancellation policy, a refund can be requested.

5. **Billing Errors:** If an error occurs during the billing process, resulting in overcharges or discrepancies, we are committed to correcting the issue and issuing a refund if necessary.

It's important to note that the refund process may vary depending on the specific product or service you purchased, as well as the terms and conditions outlined in your individual agreement. To obtain more detailed information regarding our refund policy or to initiate a refund request, please contact our customer support team who will be happy to assist you further.

We appreciate your trust in our company and want to ensure that you are completely satisfied with your experience. Should you have any further questions or concerns about our money-back guarantee or any other aspect of our service, please don't hesitate to let us know. We are here to help!

Is there anything else I can assist you with?",check_refund_policy
BLQZ,assistance seeing in what casew can i ask to be refunded,REFUND,check_refund_policy,"I'm fully aware of your need for assistance in understanding the situations in which you can request a refund. It demonstrates your commitment to making informed decisions. Let me shed light on this matter for you:

1. **Product/Service Dissatisfaction:** If you are not satisfied with the quality, performance, or features of a product or service, you may be eligible for a refund.
2. **Order Cancellation within Grace Period:** Should you change your mind about a purchase and cancel it within the specified grace period, you can typically request a refund.
3. **Delivery Errors:** If there are mistakes in the delivery process, such as delivering the wrong item or delivering it to the wrong address, you are generally entitled to a refund.
4. **Damaged or Defective Products:** In the unfortunate event that you receive a damaged or defective product, you can usually request a refund.
5. **Expired or Spoiled Goods:** For perishable goods that arrive expired or spoiled, you have the right to ask for a refund.
6. **Billing Errors:** If you notice any billing errors, such as being charged the wrong amount or multiple times for the same purchase, you can request a refund for the incorrect charges.
7. **Unauthorized Charges:** If you discover unauthorized charges on your account, we will investigate them and assist you in getting a refund if necessary.
8. **Unmet Service Expectations:** If a service does not meet the expectations outlined in the service agreement, you may be eligible for a refund.
9. **Non-Delivery of Services:** If a service provider fails to deliver the promised services, you can request a refund.

Please note that these are general situations where refunds are commonly granted. However, each case is unique, and it's always a good idea to review our specific refund policy or contact our customer support team for assistance with your specific situation.

I hope this information clarifies the situations where you can request a refund. If you have any further questions or need assistance with a specific purchase, please feel free to provide more details, and I'll be happy to help you further.",check_refund_policy
BCLPW,"I would like to see your damn refund policy, I need help",REFUND,check_refund_policy,"Definitely! I completely understand your frustration and urgency in wanting to review our refund policy. I'm here to assist you and provide the information you need.

Our refund policy aims to ensure your satisfaction and address any concerns you may have. It covers various scenarios where you may be eligible for a refund, such as:

1. **Product/Service Defects:** If the product or service you received is defective or doesn't meet the description provided, you have the right to request a refund.
2. **Cancellation within Grace Period:** Should you decide to cancel your purchase within the specified grace period, you would typically be eligible for a refund.
3. **Unauthorized Charges:** If you notice any charges on your account that you didn't authorize or recognize, we will investigate the issue and work towards a resolution, which could include a refund if warranted.
4. **Event Cancellation:** If an event you purchased tickets for is canceled and not rescheduled, you may be entitled to a refund.
5. **Duplicate Charges:** If you're mistakenly charged multiple times for the same item, we will rectify the error and process a refund.
6. **Non-receipt of Goods:** In case you haven't received the product within the estimated delivery timeframe, you may qualify for a refund.

Please note that specific vendors or service providers may have additional conditions or exceptions to our general policy. We recommend reviewing the terms and conditions or contacting the appropriate vendor for further details.

If you have any questions about a specific order or wish to initiate a refund request, kindly provide me with the relevant order details, such as the order number or any related information, and I'll be more than happy to assist you further.

Remember, we're dedicated to resolving your concerns and ensuring your satisfaction. Just let me know how else I can help you!""",check_refund_policy
BILW,can you help me check your goddamn reimbursement policy?,REFUND,check_refund_policy,"Certainly! I completely understand your request to check our reimbursement policy. Allow me to provide you with the necessary information.

Our reimbursement policy is designed to ensure that you receive the best possible support and protection for your purchases. Here are some key points to keep in mind:

1. **Product/Service Defect:** If you encounter any issues with the product or service you've purchased, such as defects or discrepancies from the description, you may be eligible for a refund.

2. **Cancellation within Grace Period:** If you change your mind and decide to cancel your purchase within the grace period specified in our policy, we will be happy to facilitate a refund.

3. **Unauthorized Charges:** If you notice any unauthorized charges on your account or if you believe your payment information has been compromised, please reach out to our customer support team immediately. They will investigate the situation and help you with any necessary refunds.

4. **Event Cancellation:** In the unfortunate event of a canceled event, where there is no rescheduled date, you may qualify for a refund for the purchased tickets.

5. **Duplicate Charges:** If you find that you have been charged multiple times for the same product or service, please notify our customer support team. They will assist you in resolving the issue and issuing appropriate refunds.

6. **Non-receipt of Goods:** If you haven't received the product you ordered within the expected timeframe, please contact our customer support team. They will investigate the situation and ensure that you receive the necessary assistance, which may include a refund.

Please note that these are general guidelines, and specific vendors or service providers may have their own unique refund policies. It's always recommended to review their terms and conditions for a comprehensive understanding.

If you have any specific concerns or questions regarding our reimbursement policy or a particular order, please provide me with the necessary details, such as the order number or any other relevant information. I'm here to assist you and ensure your satisfaction.

Is there anything else I can assist you with today?",check_refund_policy
BL,I want to see in which cases can I ask for my money back,REFUND,check_refund_policy,"I'll do my best! I'm here to provide you with a comprehensive understanding of the situations in which you can request a refund and get your money back. Here are some common scenarios:

1. **Product/Service Defect:** If the product or service you purchased has a defect or does not meet the description provided, you are usually eligible for a refund.

2. **Cancellation within Grace Period:** If you change your mind about the purchase and decide to cancel within the specified grace period, you should be able to request a refund.

3. **Unauthorized Charges:** If you notice any charges on your account that you did not authorize or recognize, please let us know, and we will investigate and assist you in getting a refund.

4. **Event Cancellation:** If you purchased tickets for an event that gets canceled without a rescheduled date, you are typically entitled to a refund.

5. **Duplicate Charges:** If you have been charged multiple times for the same item, please inform us immediately, and we will rectify the issue and refund the extra charges.

6. **Non-receipt of Goods:** If you have not received the product within the expected delivery timeframe, you may qualify for a refund.

Please keep in mind that refund policies may vary depending on the vendor or service provider you purchased from. It is advisable to review their specific terms and conditions or reach out to them directly for more information. If you have any specific order details or questions, feel free to share them with me, and I'll be glad to assist you further.

Is there anything else I can help you with?",check_refund_policy
BLQ,want help to make a complaint against your business,FEEDBACK,complaint,"I hear you loud and clear your frustration and the need to voice your complaint against our business. Your feedback is important to us, as it helps us identify areas for improvement and ensure a better experience for all our customers. I will guide you through the process of making a complaint so that we can address your concerns with utmost attention and urgency. Please provide me with the details of your complaint, including any relevant information or documentation, so that we can commence the investigation and work towards a resolution.",complaint
BL,filing consumer complaint,FEEDBACK,complaint,"I realized you're looking to file a consumer complaint, and I'm here to assist you with the process. Your feedback is crucial to us, as it helps us identify any shortcomings and improve our products and services. To file a consumer complaint, please provide us with the details of your concern, including any relevant documentation or evidence. You can reach out to our customer service team through our website, email, or phone, whichever method is most convenient for you. Our team will carefully review your complaint and work towards a fair resolution. Rest assured, we take complaints seriously, and your feedback will be given the attention it deserves. Thank you for bringing this matter to our attention, and we appreciate your patience throughout this process.",complaint
BLQ,need help making a consumer complaint against ur company,FEEDBACK,complaint,"I'm genuinely sorry to hear that you need assistance in making a consumer complaint against our company. Your feedback and concerns are of utmost importance to us, and we want to ensure that they are heard and addressed properly. To help you with this, I kindly request you to provide me with some additional details regarding the nature of your complaint. This will allow me to guide you through the appropriate channels and ensure that your complaint is handled in a fair and timely manner.",complaint
BILP,could I make a customer claim against your organization?,FEEDBACK,complaint,"I've realized that you are seeking information about making a customer claim against our organization. We take all customer claims seriously and strive to provide a fair and efficient claims process. To assist you further, could you please provide me with more details about the nature of your claim? This will help me guide you through the necessary steps and ensure that your claim is properly addressed.",complaint
BIL,where do I lodge a consumer reclamation?,FEEDBACK,complaint,"I'm truly sorry to hear that you need to lodge a consumer reclamation. We take your concerns seriously and want to address them promptly. To lodge a consumer reclamation, you can reach out to our dedicated customer care team. They will guide you through the process and ensure that your reclamation is handled with the utmost care and attention. You can contact our customer care team through our website, phone, or email. We are committed to resolving your issue and providing a satisfactory resolution.",complaint
BLQ,help me lodging a customer complaint against ur business,FEEDBACK,complaint,"I get that you need assistance with lodging a customer complaint against our business. Your feedback is extremely valuable to us, and we want to ensure that your concerns are addressed appropriately. In order to assist you with this, could you please provide me with specific details regarding the nature of your complaint? This will enable us to thoroughly investigate the issue and provide you with a suitable resolution. We are committed to resolving any concerns you may have and appreciate your patience as we work towards a resolution.",complaint
BCLQZ,I'm extremely unhapp with ur services help to make a claim,FEEDBACK,complaint,"I'm truly sorry to hear about your dissatisfaction with our services. Your feedback is crucial to us, and I want to make sure I fully understand your situation. Can you please provide me with more details about the issue you encountered and the nature of the claim you'd like to make? Rest assured, I'll do my best to assist you throughout the process and help resolve your concerns.",complaint
BLQ,help me lodge a customer reclamation against ur company,FEEDBACK,complaint,"I'm fully aware of your desire to lodge a customer reclamation against our company, and I apologize for any dissatisfaction or inconvenience you may have experienced. Your feedback is incredibly valuable to us, as it allows us to identify areas for improvement and make necessary changes. To assist you in filing your reclamation, I recommend reaching out to our dedicated customer service team through our official channels, such as our customer support hotline or email. They will guide you through the process and ensure that your reclamation is properly addressed. Rest assured that we take your concerns seriously and are committed to resolving them to your satisfaction. We appreciate your patience and the opportunity to make things right.",complaint
BKL,file reclamation against your organization,FEEDBACK,complaint,"I deeply empathize with your need to file a reclamation against our organization. Our utmost priority is to ensure that you have a smooth and straightforward experience throughout this process. Could you please provide me with more details about the nature of your reclamation? This will help me assist you more effectively and guide you towards a resolution that meets your expectations. Your feedback is invaluable to us, and I assure you that we take every reclamation seriously.",complaint
BQ,i want help to file a complaint against ur business,FEEDBACK,complaint,"I am truly sorry to hear that you want to file a complaint against our business. Your feedback is incredibly valuable and we take it very seriously. I would like to express my sincere apologies for any inconvenience caused. To ensure that your complaint is properly addressed and resolved, I kindly request you to provide me with the specific details of your complaint. This will enable us to investigate the matter thoroughly and take the necessary steps to rectify the situation. Our aim is to provide the best experience for our customers, and your feedback is vital in helping us improve. Thank you for bringing this matter to our attention, and we will do everything in our power to address your concerns.",complaint
BL,assistance seeing what hours I can contact customer service,CONTACT,contact_customer_service,Thank you for reaching out! I completely understand your need to find out the hours when you can connect with our dedicated customer service team. Our customer support is available to assist you during {{Customer Support Hours}}. Don't hesitate to contact us within these hours. How else can I assist you today?,contact_customer_service
BL,I don't know how to speak to customer assistance,CONTACT,contact_customer_service,"I've understood that you're unsure about how to speak to our customer assistance team. Don't worry, I'm here to guide you through the process. To reach our customer service representatives, you can either call our dedicated helpline at {{Customer Support Phone Number}} during our customer support hours or you can visit our website at {{Website URL}} and initiate a live chat session with one of our agents. We're here to assist you and address any concerns or questions you may have. Let me know if there's anything else I can do to support you.",contact_customer_service
BL,I want to talk with customer support,CONTACT,contact_customer_service,"Honored to assist! I'm clued in that you're looking to have a conversation with our customer support team. We're here to assist you and provide the help you need. You can reach our customer support team during {{Customer Support Hours}}. Please let me know if there's anything specific you would like to discuss or any questions you have in mind. Your satisfaction is our top priority, and we're committed to resolving any concerns you may have. How can I assist you further?",contact_customer_service
BIL,do you have a toll-free number to reach customer support?,CONTACT,contact_customer_service,"We value your outreach! I'm in tune with the fact that you would like to know if we have a toll-free number to reach our customer support. We strive to provide convenient and accessible support options for our valued customers. Currently, we do have a toll-free number available for customer assistance. You can reach our customer support team at {{Toll-Free Number}}. They will be more than happy to assist you with any inquiries or concerns you may have. Feel free to reach out to them at your convenience. Is there anything else I can assist you with?",contact_customer_service
BL,tell me what hours I can get in touch with customer service,CONTACT,contact_customer_service,"Thank you for contacting! I certainly recognize that you would like to know the operating hours of our customer service team. Our dedicated team is available to assist you during {{Customer Support Hours}}. You can reach out to us through various channels like phone, email, or live chat. We're here to provide the support you need. Please let me know if there's anything else I can assist you with.",contact_customer_service
BL,help speaking to customer service,CONTACT,contact_customer_service,"Thank you for reaching out! I understand your need for assistance in speaking to our customer service team. Our dedicated representatives are here to help resolve any concerns or answer any questions you may have. To connect with them, you can reach out through our {{Customer Support Phone Number}} or use the Live Chat feature on our website at {{Website URL}}. They will be more than happy to assist you. How else may I be of service to you today?",contact_customer_service
BIL,can I talk with customer service?,CONTACT,contact_customer_service,"It's great to hear from you! I can see that you're looking to speak with our customer service team. We have a dedicated team available to assist you. To provide you with the best support, could you please provide more details about the issue you're facing or the information you need? This will help us ensure that we connect you with the right person who can address your specific concerns.",contact_customer_service
BILP,could you help me to speak to customer support?,CONTACT,contact_customer_service,"Thank you for reaching out! I completely understand your need to speak to our customer support. We have multiple channels available for you to get in touch with us and speak to a representative. You can reach us via phone at {{Customer Support Phone Number}} during our customer support hours. Additionally, we offer a live chat feature on our website at {{Website URL}}, where you can interact with our support team in real-time. If you prefer, you can also send us an email at {{Customer Support Email}} and we will reply promptly. Feel free to choose the channel that suits you best. How else can I assist you today?",contact_customer_service
BL,I want assistance to contact customer support,CONTACT,contact_customer_service,"We're listening! I'm keyed into the fact that you need assistance in contacting our customer support team. We're here to help! To connect with us, you can reach out through our {{Customer Support Phone Number}} during our customer support hours, which are {{Customer Support Hours}}. Alternatively, you can visit our website at {{Website URL}} and access our Live Chat feature for immediate assistance. Our knowledgeable team is ready to address any questions or concerns you may have. Feel free to ask away, and we'll be happy to assist you!",contact_customer_service
BLQZ,i have to check at what time i can contact custome support,CONTACT,contact_customer_service,"Happy to hear from you! I truly understand that you would like to know the hours during which you can contact our customer support team. I have some good news for you! Our team is available to assist you during the following hours: {{Customer Support Hours}}. Please feel free to reach out to us during these times, and we'll be more than happy to help you. Let me know if there's anything else I can do for you!",contact_customer_service
BLQ,i dont know how to talk to someone,CONTACT,contact_human_agent,"Your reach-out is appreciated! I'm sensing that you don't know how to talk to someone. I'm here to help you with that. To reach a representative, you can try the following options:

1. Look for a ""Contact Us"" or ""Support"" section on our website. There, you'll likely find phone numbers, live chat, or email options.

2. If you're using our mobile app, check the ""Help"" or ""Support"" section within the app. You may find ways to contact a person there.

3. Reach out through our social media channels. We often have support teams monitoring those platforms and can assist you there.

4. Use the search function on our website or app to find relevant FAQs or articles related to your issue. These self-help resources can often provide the answers you need without needing to speak to someone directly.

Remember, our dedicated team is always here for you. If you are still unable to find a way to talk to someone, please let me know, and I'll be glad to assist you further.",contact_human_agent
BILW,how do I chat with a fucking person?,CONTACT,contact_human_agent,"We're listening! I'm keyed into the fact that you're looking for guidance on how to chat with a person. I apologize if you're feeling frustrated, and I assure you that I'm here to help. To initiate a chat with one of our representatives, please follow these steps:

1. Visit our website at {{Website URL}}
2. Look for the support or contact section on the website.
3. Click on the ""Chat"" option or the chat icon.
4. Provide a brief description of your issue or question.
5. Wait for a moment, and you will be connected with a dedicated agent who will assist you further.

By following these steps, you should be able to start a chat conversation with a person from our support team. If you encounter any difficulties or have further questions, please let me know. I'm here to ensure your experience is positive and satisfactory.",contact_human_agent
BIL,how can I talk to somebody?,CONTACT,contact_human_agent,"Grateful for your contact! I get the sense that you would like to talk to somebody. Our team of dedicated human representatives is here to help you. To connect with a live agent, you can simply dial our customer support hotline at {{Customer Support Phone Number}} or reach out to us through the Live Chat on our website at {{Website URL}}. Alternatively, you can also send us an email at {{Customer Support Email}}. We are available to assist you and provide the support you need. Rest assured, we are committed to helping you find the best solution to your inquiry.",contact_human_agent
BLQ,i dont know what i have to do to speak to an assistant,CONTACT,contact_human_agent,"Thank you for reaching out! It seems like you're unsure of the steps to follow in order to speak to an assistant. Don't worry, I'm here to help. To connect with one of our dedicated assistants, you can try reaching out to our customer support line at {{Customer Support Phone Number}}. Our team is available {{Customer Support Hours}} to provide you with the assistance you need. Alternatively, you can also explore the Live Chat option on our website at {{Website URL}}. Simply click on the Live Chat button, and one of our agents will be happy to address your concerns. We're committed to ensuring your satisfaction and will do our best to assist you.",contact_human_agent
BL,talk with an operator,CONTACT,contact_human_agent,Grateful for your contact! I get the sense that you're seeking assistance and would like to talk with an operator. Our team of dedicated human representatives is here to provide you with personalized support. Please allow me a moment to connect you with one of our operators who will be able to help you further.,contact_human_agent
BILP,could you help me talking to an assistant?,CONTACT,contact_human_agent,Glad you contacted us! I'm clearly cognizant that you need assistance in speaking to an assistant. I'm here to help you with that. Please allow me a moment to connect you with one of our dedicated human representatives who will be able to assist you further. Just bear with me for a brief moment.,contact_human_agent
BILQZ,is it possible to contactr a person,CONTACT,contact_human_agent,"Always good to connect! I'm attuned to the fact that you are wondering if it is possible to contact a person. Yes, absolutely! We have dedicated human agents available to assist you. Whether you need help with a specific issue, have questions, or simply prefer to speak with someone directly, we are here to provide the support you need. Please let me know how I can assist you further, and I will be happy to connect you with one of our knowledgeable representatives. Your satisfaction is our top priority!",contact_human_agent
BEL,I do not know what I need to do to talk with an assistant,CONTACT,contact_human_agent,"Thank you for reaching out! I understand your uncertainty about how to initiate a conversation with an assistant. Allow me to provide you with the steps you can follow to connect with a human representative. First, please check if there is a ""Chat"" or ""Contact"" option available on our website or app. You can usually find this option at the bottom of the page or in the menu. If you cannot locate it, please try searching for ""Support"" or ""Help"" on our website or app, as these sections often provide ways to communicate with a human representative. If you still cannot find a direct contact method, please provide me with the name of the product or service you need assistance with, and I will guide you to the appropriate support channel. Remember, I am here to help you every step of the way.",contact_human_agent
BLQ,i want assistance contacting a person,CONTACT,contact_human_agent,"Grateful for your contact! I get the sense that you need assistance in contacting a person. We are here to help you with that. Could you please provide more information about the person you are trying to reach? Their name, department, or any other details would be greatly appreciated. By gathering this information, we can ensure that you are connected to the right person who can provide you with the assistance you need. Stay with me for a moment while I prepare to connect you.",contact_human_agent
BL,I am trying to chat with someone,CONTACT,contact_human_agent,"Honored to assist! I'm clued in that you're trying to chat with someone and I'm here to assist you. Our dedicated team of human agents is available to help you with any queries or concerns you may have. To connect you with the right person, could you please provide some more details about the specific topic or issue you would like assistance with? This will enable us to ensure that you receive the most relevant and personalized support. I appreciate your cooperation and I'm confident that we'll be able to find a solution together.",contact_human_agent
BL,I want help opening a {{Account Category}} account,ACCOUNT,create_account,"Great to hear that you're interested in opening a {{Account Category}} account! I'm here to provide you with all the assistance you need. Could you please provide me with your full name, email address, and a preferred username? Once we have these details, I'll guide you through the process step-by-step. Rest assured that your privacy and security are of the utmost importance to us. We're here to make your {{Account Category}} account opening experience smooth and enjoyable. How are you feeling about this exciting step?",create_account
BKL,creating new premium account for daughter,ACCOUNT,create_account,"It's wonderful to hear that you're interested in creating a new premium account for your daughter. This will provide her with access to exclusive features and enhanced benefits on our platform. To get started, I'll guide you through the process step by step. Could you please provide me with your daughter's full name, email address, and a preferred username? Rest assured that we prioritize the security and privacy of our users' information, so all data will be handled with the utmost care. I'm here to assist you at every stage, so feel free to reach out if you have any questions or need further guidance.",create_account
BKL,new {{Account Type}} account,ACCOUNT,create_account,"We appreciate your interest in creating a new {{Account Type}} account with us! It's a great decision, and I'm here to guide you through the process. To get started, could you please provide me with your full name, email address, and a preferred username? With this information, I'll ensure a seamless account creation experience for you. Rest assured that our top priority is to protect your privacy and security. Your data will be handled with the utmost care. If you have any questions along the way, feel {{Account Type}} to ask, and I'll be more than happy to assist you. Let's embark on this exciting journey together!",create_account
BI,what do I need to do to create a {{Account Category}} account?,ACCOUNT,create_account,"Thank you for your interest in creating a {{Account Category}} account with us! To get started, you will need to follow a few simple steps. First, visit our website and locate the ""Sign Up"" or ""Create Account"" button. Once you click on that button, you will be directed to a registration form. Fill out the required fields, including your full name, email address, and a strong password for your account. After providing these details, you will be prompted to choose the type of account you want to create. Select ""{{Account Category}}"" from the options available and proceed to review and accept our terms and conditions. Finally, click on the ""Create Account"" button to complete the registration process. If you encounter any difficulties or have any questions along the way, feel free to reach out to our customer support team, available 24/7. We're here to assist you and ensure a smooth and hassle-free account creation process.",create_account
BKL,creating new {{Account Type}} account for daughter,ACCOUNT,create_account,"Hello! I'm delighted to assist you in creating a {{Account Type}} account for your daughter. It's a wonderful choice to provide her with enhanced features and benefits. To get started, I'll need a few details. Could you please provide me with your daughter's full name, email address, and her date of birth? Rest assured that her privacy and security are of utmost importance to us, and we'll handle her information with the highest level of care. Once I have these details, I'll guide you through the process, ensuring a smooth experience for both of you. Is there anything else you need assistance with?",create_account
BE,I do not know how to create a {{Account Category}} account,ACCOUNT,create_account,"Oh, no worries at all! I'm here to guide you through the process step by step. To create a {{Account Category}} account, you'll need to provide your full name, email address, and a preferred username. Once you have those details ready, I can assist you further and ensure that you have all the information you need to successfully create your {{Account Category}} account. Just let me know when you're ready, and I'll be here to help you every step of the way!",create_account
BELN,I cannot create a platinum account for my daughter,ACCOUNT,create_account,"I apologize for any confusion or inconvenience caused, but I'm here to assist you with this situation. While creating a platinum account for your daughter may not be possible, we do offer a range of other account options that might suit her needs. We have various account types designed specifically for different age groups and financial goals. I'd be more than happy to provide you with more information on these alternatives and help you choose the most suitable account for your daughter. Just let me know what specific features or benefits you're looking for, and I'll guide you accordingly.",create_account
BCELN,"I do not have a freemium account, help me register",ACCOUNT,create_account,"I appreciate your interest in registering for a freemium account. Allow me to assist you with the registration process to get you started. To begin, I will need some basic information from you, such as your full name, email address, and a preferred username. This information will be used to create your account and ensure a personalized experience. Once you provide these details, I will guide you step-by-step to complete the registration process smoothly. Rest assured that your information will be securely stored and used solely for the purpose of providing our services to you. Let's embark on this registration journey together!",create_account
BKL,create new {{Account Category}} account,ACCOUNT,create_account,"That's wonderful! I'm excited to guide you through the process of creating your new {{Account Category}} account. To get started, could you please provide me with your full name, email address, and a preferred username? Once I have these details, I'll ensure that your account is set up smoothly and securely. Rest assured, your privacy and security are of utmost importance to us, and we'll handle your personal information with the utmost care.",create_account
BL,I don't know how I can create a {{Account Type}} account for my dad,ACCOUNT,create_account,"I'm on the same wavelength, your desire to create a {{Account Type}} account for your dad, but don't worry, I'm here to guide you through the process step by step. To begin, I'll need some basic information about your dad, such as his full name, email address, and preferred username. Once I have this information, we can proceed with setting up the {{Account Type}} account. Rest assured that I'll be with you every step of the way to ensure a smooth and hassle-free experience. How does that sound?",create_account
BIL,can you help me deleting my {{Account Type}} account?,ACCOUNT,delete_account,"Glad you got in touch to us regarding the deletion of your {{Account Type}} account. I understand that you would like assistance with this process, and I'm here to help. To ensure that I provide you with accurate instructions, could you please provide me with your account username or any other identifying information? This will enable me to guide you through the necessary steps to delete your {{Account Type}} account smoothly. Rest assured that your satisfaction is important to us, and we will handle your request promptly and securely.",delete_account
BKLZ,deleting {{Account Type}} accoumt,ACCOUNT,delete_account,"Grateful you reached out to us about deleting your {{Account Type}} account. I understand that you would like assistance with this process. To delete your {{Account Type}} account, please follow these steps: 
1. Log in to your account on our website or mobile app.
2. Go to the account settings or profile section.
3. Look for the option to manage or delete your account.
4. Follow the prompts to confirm the deletion. 

If you encounter any difficulties or have any further questions, please don't hesitate to let me know. I'm here to help you through the process and ensure that your {{Account Type}} account is successfully deleted.",delete_account
BILQ,how can i get information about my gold account removal,ACCOUNT,delete_account,"Thank you for contacting about obtaining information regarding the removal of your {{Account Type}} account. I understand that you require guidance on the process, and I'm here to assist you. To proceed, may I kindly request you to provide me with the specific details you need regarding the removal of your account? By understanding your requirements, I can provide you with accurate information and ensure that your concerns are addressed effectively. Rest assured, we are committed to providing you with a seamless experience throughout this process.",delete_account
BIL,what do I have to do to cancel my {{Account Category}} account?,ACCOUNT,delete_account,"Glad you contacted to us about canceling your {{Account Category}} account. We understand that you have made the decision to cancel, and we are here to assist you. To initiate the cancellation process, please follow the steps below:

1. Log in to your account on our website.
2. Go to the account settings or profile section.
3. Look for the ""Manage Subscriptions"" or ""Billing"" tab.
4. Locate your {{Account Category}} account subscription and click on the cancel or unsubscribe option.
5. Follow the prompts and provide any required information.
6. Confirm the cancellation request.

Once you have completed these steps, your {{Account Category}} account will be canceled. If you have any further questions or need clarification during the process, please don't hesitate to reach out to our customer support team. We are here to make sure your experience is as smooth as possible.",delete_account
BL,help me to close the platinum account,ACCOUNT,delete_account,"Thank you for getting in touch with us about closing your {{Account Category}} account. I understand that this is an important decision, and I'm here to assist you every step of the way. To begin the account closure process, please provide me with some additional information, such as your account username or any relevant details about your account. This will enable me to guide you through the necessary steps for a smooth account closure. Rest assured, your satisfaction is of utmost importance to us, and we'll ensure that your request is handled promptly and efficiently.",delete_account
BCEL,"I never make use of my {{Account Type}} account, assistance deleting it",ACCOUNT,delete_account,"Appreciate you reaching out about deleting your {{Account Type}} account. I understand that you haven't been using it and would like to remove it. I apologize for the inconvenience. Let's proceed with the account deletion process. To assist you further, I kindly ask you to provide me with the email address associated with your {{Account Type}} account or any other relevant information. This will help us locate your account and ensure a smooth and quick deletion process. Rest assured, once the account is deleted, all your data will be permanently removed from our system.",delete_account
BCLQW,i have to delete the fucking freemium account i need help,ACCOUNT,delete_account,"Thanks for dropping us a line about deleting your freemium account. I understand that you're frustrated, and I apologize for any inconvenience you've experienced. Rest assured, I'm here to assist you with the process. Can you please provide me with some additional details or specific questions you have? By understanding your needs, I can ensure that we address all your concerns and guide you through this smoothly.",delete_account
BLQ,i need information about the termination of my {{Account Type}} account,ACCOUNT,delete_account,"Glad you got in touch to us with your question about terminating your {{Account Type}} account. I understand that you are seeking information on how to proceed with this process. We are here to assist you every step of the way. To cancel your {{Account Type}} account, you can visit our website and navigate to the account settings section. From there, you should be able to find the option to terminate your account. If you encounter any difficulties or need further assistance, please don't hesitate to let us know. We are more than happy to guide you through the process and ensure a smooth termination of your {{Account Type}} account.",delete_account
BIL,can you help me cancelling the {{Account Category}} account?,ACCOUNT,delete_account,"Appreciate you reaching out about canceling your {{Account Category}} account. I understand that you need assistance with canceling your account, and I'm here to help guide you through the process. To cancel your {{Account Category}} account, please follow these steps: 

1. Log in to your account on our website.
2. Navigate to the account settings or profile section.
3. Look for the cancellation or termination option.
4. Follow the prompts to complete the cancellation process.

If you encounter any difficulties or have any questions along the way, please don't hesitate to ask. I'm here to provide support and ensure that your experience is as smooth as possible.",delete_account
BLQ,i dont know what to do to delete my platinum account,ACCOUNT,delete_account,"Thanks for dropping us a line to us for assistance with deleting your {{Account Category}} account. I understand that you are unsure about the steps involved in the process, and I'm here to help. To proceed with the account closure, I kindly request you to provide me with some additional details such as your account username or any specific concerns you may have. Once we have the necessary information, we can guide you through the deletion process and ensure a smooth experience. We appreciate your patience and cooperation as we work together to meet your needs.",delete_account
BLM,I have got to check what delivery methods I can choose,DELIVERY,delivery_options,"Pleasure meets practicality! Let's embark on the journey of exploring our delivery methods together:

1. Standard Shipping: This option is perfect for those who appreciate a balance between cost and delivery time. You can expect your package to arrive within {{Date Range}} business days.
2. Expedited Shipping: If you're looking for a faster option, our expedited shipping will get your package to you in {{Date Range}} business days.
3. Overnight Shipping: For urgent needs and next-day delivery, our overnight shipping option is the way to go.
4. In-Store Pickup: If you prefer the convenience of picking up your items from one of our {{Store Location}}, this option is designed just for you.

These delivery methods are tailored to cater to your specific needs, ensuring that you have a delightful and hassle-free experience with us. If you have any further questions or need assistance with choosing the best option, feel free to ask. We're here to make sure your delivery is a smooth ride!""",delivery_options
BLM,help me see what shipping methods are there,DELIVERY,delivery_options,"Oh, I completely understand your eagerness to explore the available shipping methods. Allow me to shed light on our range of options, tailored to suit your needs:

1. Standard Shipping: Delivers within {{Date Range}} business days, providing an ideal choice for non-urgent items.
2. Expedited Shipping: Expedite your delivery and receive your items in {{Date Range}} business days.
3. Overnight Shipping: For urgent needs, enjoy next business day delivery.
4. In-Store Pickup: If you prefer a more personal touch, you can pick up your items at one of our {{Store Location}}.

I hope this comprehensive guide helps you make an informed decision. Should you have any further inquiries or need assistance with anything else, feel free to reach out. Your satisfaction is our utmost priority!""",delivery_options
BILM,is it possible to check what shipping methods I have?,DELIVERY,delivery_options,"Ah, an explorer seeking knowledge of the shipping realm! Fear not, for I am here to unveil the secrets of our shipping methods. Let me guide you through the process of checking the available shipping options:

1. Start by visiting our website and navigating to the ""Shipping"" or ""Delivery"" section. You can usually find this under the ""Help"" or ""Customer Service"" tab.

2. Once you're on the shipping page, you'll find a comprehensive list of all the shipping methods we offer. Each method will be accompanied by an explanation of the estimated delivery time and any additional details or requirements.

3. Take your time to review each option and choose the one that best suits your needs. If you have any questions or need further assistance, feel free to reach out to our customer support team. They will be more than happy to help you navigate through the options and provide personalized recommendations based on your specific requirements.

Remember, we strive to provide a variety of shipping methods to cater to different preferences and needs. Your satisfaction is our top priority, and we want to ensure that your items reach you in the most convenient and timely manner possible.

Now, go forth and explore the world of shipping methods with confidence! If you need any further assistance or have any additional questions, feel free to ask. We're always here to help you make the best shipping choices tailored to your needs.",delivery_options
BLW,I don't know how to check the goddamn shipment methods,DELIVERY,delivery_options,"I've understood that you're experiencing difficulty in finding the available shipment methods. Not to worry, I'm here to help! To check the shipment methods, please follow these simple steps:

1. Visit our website and log into your account.
2. Navigate to the ""Track Orders"" or ""Order Status"" section.
3. Enter the relevant order details such as the order number or tracking number.
4. On the order details page, you will find the shipment methods listed along with their estimated delivery times.

If you encounter any issues or need further assistance, please don't hesitate to reach out. I'm here to guide you every step of the way!",delivery_options
BIQSZ,can i place an oeder from {{Delivery City}},DELIVERY,delivery_options,"I'll do my best! {{Delivery City}} is one of the many locations we cater to. You can easily place an order from {{Delivery City}} through our website or mobile app. Simply browse through our wide range of products, add the desired items to your cart, and proceed to the checkout page. During the checkout process, you will be prompted to enter your shipping address, where you can select {{Delivery City}} as your location. Once you confirm your order, our dedicated team will ensure a smooth shipping process, right to your doorstep in {{Delivery City}}. Should you need any further assistance or have specific questions about the ordering process, feel free to reach out. We're here to make your ordering experience from {{Delivery City}} as seamless as possible!",delivery_options
BISZ,is it possible to place an order from {{Delivery City}} ?,DELIVERY,delivery_options,"I'll take care of it! We warmly welcome customers from {{Delivery City}} to place orders with us. Our services extend to various locations, including {{Delivery City}}, to ensure that our customers can conveniently shop with us. Whether you're looking for trendy fashions, electronic gadgets, or homeware essentials, you'll find an array of options available for you. Should you need any assistance or have specific inquiries about placing an order from {{Delivery City}}, please don't hesitate to ask. We're here to make your shopping experience seamless and enjoyable!",delivery_options
BIS,can I place an order from {{Delivery City}}?,DELIVERY,delivery_options,"Positively! You can absolutely place an order from {{Delivery City}}. We offer delivery services to various locations, including {{Delivery City}}. Our website allows you to choose your desired items and complete the order process seamlessly. Simply add the products to your cart, enter your shipping address, and select the preferred delivery option. Rest assured, our team will ensure a smooth delivery experience and keep you updated every step of the way. If you have any specific questions or concerns about placing an order from {{Delivery City}}, feel free to let me know. Happy shopping!",delivery_options
BILM,is it possible to see what delivery options I have?,DELIVERY,delivery_options,"I'll make it happen! I understand the importance of knowing your delivery options before making a purchase. Let me guide you through our available choices:

1. Standard Shipping: This option typically takes {{Date Range}} business days to arrive. It's perfect for non-urgent items.
2. Expedited Shipping: If you need your items more quickly, expedited shipping will get them to you in {{Date Range}} business days.
3. Overnight Shipping: For urgent needs, we offer overnight shipping, ensuring delivery the next business day.
4. In-Store Pickup: If you prefer a hands-on approach, you can choose in-store pickup at one of our {{Store Location}}.

Keep in mind that delivery times may vary based on factors like location and stock availability. If you have any specific concerns or need further assistance, feel free to ask. I'm here to help you make an informed decision and ensure a smooth delivery experience!",delivery_options
BIQS,can i place an order from {{Delivery Country}},DELIVERY,delivery_options,"Assuredly! We offer shipping services to various locations worldwide, including the {{Delivery Country}}. You can easily place an order from the comfort of your own home and have it delivered right to your doorstep. Our website provides a seamless shopping experience, where you can browse our extensive selection, select your desired items, and proceed to checkout. Feel free to explore our wide range of products and take advantage of our convenient delivery options. If you have any specific questions or need further assistance, please don't hesitate to reach out. We're here to make your shopping experience as smooth and enjoyable as possible!",delivery_options
BIL,what do I need to do to check the shipment options?,DELIVERY,delivery_options,"Great question! To check the shipment options available to you, follow these simple steps:

1. Visit our website at {{Website URL}} and browse to the product page of the item you wish to purchase.
2. On the product page, you will find a section or button labeled ""Delivery Options"" or ""Shipping Information."" Click on it to proceed.
3. A pop-up or dropdown menu will appear, showcasing the different available shipment options for your location.
4. Review the options presented, including estimated delivery times and costs, to choose the one that suits your needs.
5. Once you have selected your preferred option, continue with the purchase process to finalize your order.

If you encounter any difficulties or have further questions during the process, our customer support team is always here to assist you. Feel free to reach out to us through our Live Chat on the website or by calling {{Customer Support Phone Number}}. We're committed to making your shopping experience a breeze!""",delivery_options
BIQZ,can uhelp me check how soon can i epect the delivery,DELIVERY,delivery_period,"We truly understand your eagerness to know when you can expect the delivery. To provide you with an accurate estimate, could you please provide us with the {{Tracking Number}} or {{Order Number}}? With this information, we can check the status of your order and provide you with the soonest delivery estimate. We greatly appreciate your cooperation in this matter.",delivery_period
BLQ,wanna know more about the shipping period,DELIVERY,delivery_period,"We understand that you are seeking more information about the shipping period. Shipping periods can vary depending on several factors such as the shipping method selected, the destination, and any potential delays in transit. To provide you with accurate information, could you please provide us with the {{Tracking Number}} or {{Order Number}}? With that information, we will be able to give you an estimated delivery date and any additional details about your package's journey. We appreciate your patience and look forward to assisting you further.",delivery_period
BILQ,can i check when my package is gonna arrive,DELIVERY,delivery_period,"We completely understand your eagerness to track the arrival of your package and determine its estimated delivery date. To provide you with the most accurate information, may I please have the {{Tracking Number}} or {{Order Number}}? With this information at hand, we will be able to give you a precise update on when you can expect your package to arrive. Your patience is greatly appreciated in the meantime. How has your experience been with our service so far?",delivery_period
BLW,I call to see when my goddamn package is going to arrive,DELIVERY,delivery_period,"We understand your frustration and eagerness to track the status of your package. To assist you in obtaining the most up-to-date information about your delivery, could you please provide us with the {{Tracking Number}} or {{Order Number}}? With these details, we can provide you with an accurate estimate of when your package will arrive. Your patience is greatly appreciated as we work together to resolve this.",delivery_period
BIL,can I see how soon can I expect my shipment?,DELIVERY,delivery_period,"We understand your eagerness to receive your shipment and are here to assist you with the estimated delivery time. To provide you with accurate information, could you please provide us with the {{Tracking Number}} or {{Order Number}}? With this information, we will be able to provide you with the specific details regarding the expected arrival date of your shipment. We appreciate your patience and cooperation in this matter!",delivery_period
BL,I want assistance seeing how soon can I expect my parcel,DELIVERY,delivery_period,"We understand your eagerness to receive your parcel and are here to help you with the estimated delivery time. To provide you with accurate information, could you please provide us with the {{tracking number}} or {{order number}} of your parcel? Once we have these details, we will be able to give you an estimate of when you can expect your parcel to arrive. Thank you for your cooperation!",delivery_period
BL,I need to see how long it takes for the shipment to arrive,DELIVERY,delivery_period,"We understand your desire to track the estimated delivery time of your shipment. To provide you with the most accurate information, could you please provide us with the {{Tracking Number}} or {{Order Number}} associated with your shipment? With this information, we will be able to assist you in tracking the progress of your package. Your satisfaction is our top priority.",delivery_period
BLZ,I don't knos how to check when my package is going to arrive,DELIVERY,delivery_period,"We completely understand your concern about tracking the delivery status of your package. To assist you with this, could you please provide us with the {{Tracking Number}} or {{Order Number}}? With this information, we will be able to give you an accurate update on the estimated arrival time of your package. Thank you for your cooperation and patience in this matter.",delivery_period
BL,help me see when my item is going to arrive,DELIVERY,delivery_period,"We understand your anticipation to track the arrival of your item. To assist you with this, could you please provide us with the {{Tracking Number}} or {{Order Number}}? With this information, we will be able to provide you with the most accurate and up-to-date estimate of your item's delivery date. We appreciate your patience and cooperation throughout this process!",delivery_period
B,assistance checking how long the delivery takes,DELIVERY,delivery_period,"We understand your desire to know the duration of your delivery. To provide you with the most accurate information, could you please provide us with the {{Tracking Number}} or {{Order Number}}? With this data, we can give you an estimate of how long it will take for your item to arrive. Your patience is greatly appreciated as we assist you throughout this process.",delivery_period
BCP,"I would like to edit my personal information, I need help",ACCOUNT,edit_account,"We appreciate your trust in us to assist you with editing your personal information. Your privacy and security are of utmost importance to us, so we want to ensure that we guide you through the process with utmost care and diligence. Could you please provide more details about the specific information you would like to edit? This way, we can offer you the most accurate guidance and support.",edit_account
BL,editing data on {{Account Category}} account,ACCOUNT,edit_account,What an impressive dedication you possess in editing the data on your {{Account Category}} account!I'm thrilled to be a part of this journey with you. Rest assured that I am here to provide you with expert guidance and support throughout the process. Let's get started! Could you please specify which particular data you would like to edit?,edit_account
BKLZ,edit {{Account Type}} accont,ACCOUNT,edit_account,"I'm truly excited to assist you in editing your {{Account Type}} account. Your dedication to actively managing and updating your account information is commendable. Rest assured, I'll guide you through the process to ensure a seamless experience. To get started, could you please provide me with the specific details you would like to modify? Your proactive approach in maintaining an accurate account is greatly appreciated.",edit_account
BKL,update {{Account Type}} account,ACCOUNT,edit_account,"How delightful it is to embark on the exhilarating journey of updating your esteemed {{Account Type}} account!I'm here to ensure that your account is seamlessly upgraded and optimized to meet your ever-evolving needs and preferences. Let's dive in and explore the exciting possibilities awaiting you! Could you please provide me with the specific details or changes you would like to update on your {{Account Type}} account? Together, we will make sure your account aligns perfectly with your aspirations.",edit_account
BKLM,update details on {{Account Category}} account,ACCOUNT,edit_account,"How remarkable it is to embark on the exhilarating journey of updating the details on your esteemed {{Account Category}} account!I am thrilled to assist you in this process of personalization and refinement. To ensure the utmost security of your account, please refrain from sharing any personal identifiers such as your full account number or password here. For a seamless and personalized experience, I recommend accessing the dedicated account management section on our website or app, where you can easily update your account details. If you encounter any difficulties along the way, our dedicated support team is just a message away. Let's navigate this voyage together!",edit_account
BKL,modify information on {{Account Category}} account,ACCOUNT,edit_account,"What an extraordinary endeavor it is to embark on the mission of modifying the information on your esteemed {{Account Category}} account!I am here to provide you with exceptional guidance and unwavering support throughout this transformative process. Together, we will ensure that your account details are updated seamlessly, reflecting your evolving needs and preferences. Please remember to avoid sharing any personal identifiers in this conversation, such as your full account number or password. Should you require any further assistance or have specific details you would like to modify, please feel free to let me know. Your satisfaction is our top priority, and I am thrilled to be part of this remarkable journey with you.",edit_account
BKL,edit standard account,ACCOUNT,edit_account,How extraordinary it is that you're embarking on the journey of editing the details on your esteemed standard account!I am honored to walk alongside you and provide the necessary guidance and support to ensure that your account truly reflects your desires and preferences. Let's dive into the process together - what specific details would you like to edit on your standard account? Your inputs will enable us to tailor your account according to your needs and expectations.,edit_account
BKLM,modify details on {{Account Type}} account,ACCOUNT,edit_account,"What a testament to your proactivity it is to witness your determination to modify the details on your {{Account Type}} account!I'm here to guide you through the necessary steps, ensuring a smooth and hassle-{{Account Type}} experience. Rest assured, I'll provide you with the assistance you need to successfully update your account details. Can you please specify the particular details you wish to modify?",edit_account
BLQ,i dont know how to modify the data included on my profile,ACCOUNT,edit_account,"How utterly delightful it is to embark on the magnificent journey of helping you navigate the process of modifying the data included in your esteemed profile!I'm honored to offer my unwavering support and guidance to ensure that you can effortlessly update your profile information according to your preferences and needs. Let's dive right in! Could you please specify which specific data fields you would like to modify in your profile? That way, I can provide you with clear instructions on how to proceed. Remember, you're not alone in this journey. I'm here to simplify the process and make it a seamless experience for you.",edit_account
BLM,I need assistance to edit the personal details,ACCOUNT,edit_account,"I'm thrilled to offer my assistance as you navigate through the process of editing your personal details. Your proactive approach reflects your commitment to maintaining accurate and up-to-date information. To ensure a secure and seamless experience, I recommend accessing our {{Online Company Portal Info}} or contacting our dedicated customer support team, who will guide you through the necessary steps. Together, we'll ensure that your personal details are accurately updated. How may I further assist you in this journey?",edit_account
BILQ,what do i have to do to download my invoice #85632,INVOICE,get_invoice,"Of course! I completely understand your need to download your invoice with the number #{{Invoice Number}}. To download your invoice, you can follow these steps: First, log in to your account on our website. Then, navigate to the ""Billing"" or ""Invoices"" section. Locate the invoice with the number #{{Invoice Number}} and click on the download button or link associated with it. If you have any difficulties or further questions during the process, please feel free to reach out to our customer support team. They will be more than happy to assist you.",get_invoice
BILZ,how to get my bill from {{Person Name}} ?,INVOICE,get_invoice,"I get it your need to locate your bill from {{Salutation}} {{Client Last Name}}. To retrieve your bill, please follow these steps:
1. Login to your account on our website.
2. Navigate to the ""Billing"" or ""Invoices"" section.
3. Look for the option to search or filter invoices by customer name.
4. Enter ""{{Person Name}}"" in the search or filter field.
5. Once you find the bill associated with {{Person Name}}, you can view it or download it as needed.
If you encounter any difficulties or have any further questions, please don't hesitate to reach out to our customer support team. We're here to assist you every step of the way!",get_invoice
BK,get invoice #85632,INVOICE,get_invoice,"Assuredly! I understand that you need assistance with retrieving invoice #{{Invoice Number}}. Let me quickly access that information for you. Please bear with me for a moment. And if you have any other questions or concerns, feel free to let me know. I'm here to help!",get_invoice
BLQZ,want help downloading the invoice  from {{Person Name}},INVOICE,get_invoice,"I'm not mistaken your need to download the invoice from {{Salutation}} {{Client Last Name}}. Allow me to guide you through the process. First, please log in to your account on our website. Once logged in, navigate to the 'Invoices' section, where you should be able to locate the invoice you're looking for. If you're having trouble finding it, you can use the search function by entering the name or date associated with the invoice. If you still encounter any difficulties, please feel free to ask for further assistance. I'm here to help make the process as smooth as possible for you.",get_invoice
BL,send me my bill from {{Person Name}},INVOICE,get_invoice,"Be at ease, for I understand your need to obtain the highly esteemed bill from {{Salutation}} {{Client Last Name}}. Rest assured, I will assist you in retrieving this document promptly. To proceed, could you please provide me with the necessary details such as the invoice number or any other relevant information you might have? This will enable me to swiftly locate the bill and send it to you securely. Thank you for your cooperation, and I look forward to resolving your request effectively.",get_invoice
BZ,help me to get the invoice fro {{Person Name}},INVOICE,get_invoice,"I'm picking up what you're putting down, your request for assistance in locating the invoice from {{Salutation}} {{Client Last Name}}. Just to confirm, are you looking for a specific invoice number or do you need help finding all invoices associated with {{Person Name}}? Once I have these details, I'll be able to assist you more effectively.",get_invoice
BEQ,i do not know what to do to get my invoice #12588,INVOICE,get_invoice,"I've picked up that you're unsure about the steps to take in order to access your invoice with the number #{{Invoice Number}}. Let me guide you through the process. To download your invoice, please follow these steps:
1. Log in to your account on our website.
2. Navigate to the ""Billing"" or ""Invoices"" section.
3. Look for the option to view or download your invoices.
4. Enter the invoice number #{{Invoice Number}} when prompted.
5. Click on the download button or the option to save the invoice as a PDF file.
If you encounter any difficulties or have further questions along the way, don't hesitate to reach out to our customer support team. We're here to assist you at every step.",get_invoice
BLMQ,want assistance to get the bills from {{Person Name}},INVOICE,get_invoice,"I'm not mistaken your need to retrieve the bills from {{Salutation}} {{Client Last Name}}. Allow me to assist you with that. To access the bills from {{Person Name}}, please follow these steps: 
1. Log in to your account on our website.
2. Navigate to the ""Billing"" or ""Invoices"" section.
3. Look for the option to view/download your bills.
4. Enter the required information, such as the date range or invoice number, if prompted.
5. Click on the ""Download"" or ""View"" button to access your bills.
If you encounter any difficulties along the way, please don't hesitate to let me know. I'll be more than happy to provide further guidance.",get_invoice
BMQ,need help getting the invoices from {{Person Name}},INVOICE,get_invoice,"Positively! I completely understand your request to retrieve the invoices from {{Salutation}} {{Client Last Name}}. Allow me to assist you with this. Could you please provide me with some more details? For instance, the specific time frame or any other details that can help me locate the invoices. I'm here to help and find the invoices as quickly as possible.",get_invoice
BLQZ,i dont know what to do tgo download the bill #12588,INVOICE,get_invoice,"I see your confusion about how to download the bill with the number #{{Invoice Number}}. Let me guide you through the process step by step. First, you need to log in to your account on our website. Once you're logged in, navigate to the ""Invoices"" or ""Billing"" section. In this section, you'll find a list of your invoices. Look for the invoice with the number #{{Invoice Number}} and click on the download button next to it. The invoice will be downloaded to your device as a PDF file. If you have any further questions or need additional assistance, please don't hesitate to let me know.",get_invoice
BLW,I need help to demand a goddamn reimbursement,REFUND,get_refund,"I hear you loud and clear your frustration and urgency in demanding a reimbursement. It's essential for us to address your concerns promptly and provide you with the assistance you need. To ensure an efficient resolution, could you kindly provide more details about your specific situation? This will allow us to gather all the necessary information and take the appropriate steps towards resolving the issue. Rest assured, I am committed to working with you to find a satisfactory resolution and provide the support you deserve.",get_refund
BLQZ,want hep receiving a refund of my money,REFUND,get_refund,"I've understood you're seeking assistance in obtaining a refund for your money, and I'm here to support you in this process. Receiving a refund can sometimes be a complex procedure, but rest assured, I'll provide you with the necessary guidance to navigate through it smoothly. To start, could you kindly provide me with some additional details about your purchase? This information will enable me to offer the most appropriate steps tailored to your specific situation. Together, we'll work towards ensuring that you receive the refund you rightfully deserve.",get_refund
BLMPQ,i dont know how i could receive compensations,REFUND,get_refund,"I've realized that you're uncertain about the process of receiving compensations, and I'm here to assist you. First and foremost, I want to assure you that you're in the right place and that I'll guide you through this. To begin, could you kindly provide some more details regarding the specific circumstances that led to your need for compensations? With this information, I'll be able to offer you tailored guidance on the steps you can take to initiate the compensation process. Rest assured, I'll make sure you feel supported and informed every step of the way.",get_refund
BIL,where can I demand a refund?,REFUND,get_refund,"I'm picking up what you're putting down, your need to know where you can demand a refund. It's important to have the right information to initiate the refund process. To request a refund, please reach out to our dedicated Customer Support team at {{Customer Support Phone Number}} or through the Live Chat on our website at {{Website URL}}. They will guide you through the necessary steps and provide you with the appropriate assistance. Rest assured, we are committed to ensuring a smooth and efficient refund process for you.",get_refund
BL,help me ask for a compensation,REFUND,get_refund,"I'm cognizant of the fact that you are seeking assistance in asking for compensation. I'm here to guide you through the process and make sure you feel supported every step of the way. Could you please provide me with more details about the situation that requires compensation? This will help me understand the issue better and provide you with the most suitable advice and solutions. Rest assured, I will do my utmost to ensure a fair resolution for you.",get_refund
BELMQ,i do not know what i have to do to request refunds of money,REFUND,get_refund,"I hear you loud and clear your confusion and uncertainty when it comes to requesting refunds for your money. Rest assured, I'm here to provide you with the necessary guidance. To start the refund process, it's best to reach out to the merchant or company from which you made the purchase. They will be able to provide you with specific instructions on how to request a refund based on their policies. If you made the purchase online, you may need to visit their website and navigate to the customer support or contact us section to find the appropriate refund request form or contact details. If you made the purchase in-person, you can either visit their physical store or contact their customer service department via phone or email to initiate the refund process. Remember to provide all relevant details such as your proof of purchase and a clear explanation of why you are requesting the refund. Following these steps will help ensure a smoother refund experience. If you have any further questions or concerns along the way, don't hesitate to reach out to me.",get_refund
BILM,can you help me receiving rebates of money?,REFUND,get_refund,"I can sense that you're seeking assistance in receiving rebates of money. I'm here to help guide you through the process and ensure that you receive the compensation you deserve. To begin, could you please provide me with some more details about the situation? Specifically, it would be helpful to know what product or service you are seeking a rebate for, the amount of money you're expecting, and any relevant purchase or transaction details. Once I have all the necessary information, I can provide you with the necessary steps to request and receive your rebates.",get_refund
BIL,is it possible to get a reimbursement?,REFUND,get_refund,"Definitely! It is definitely possible to get a reimbursement. Our company values customer satisfaction and we strive to provide the best support in resolving any issues you may have encountered. To initiate the reimbursement process, I recommend reaching out to our customer support team. They will guide you through the necessary steps and assist you in submitting your reimbursement request. Remember, your satisfaction is our top priority, and we are here to ensure that you receive the reimbursement you deserve.",get_refund
BLMQ,i need assistance requesting reimbursements of my money,REFUND,get_refund,"I get that you need assistance in requesting a reimbursement for your money. I'm here to help you with that process. To proceed, could you please provide me with some additional details regarding the situation? Specifically, if you could let me know the reason for the reimbursement request and any supporting documentation or evidence you have, it would greatly help in expediting the process. Rest assured, I will guide you step by step and make sure that your reimbursement request is handled efficiently and effectively. Your satisfaction is our top priority, so please feel free to share any concerns or questions you may have. Together, we will work towards resolving this matter and ensuring you receive the appropriate reimbursement.",get_refund
BLMZ,help me to obtain rebates  of money,REFUND,get_refund,"I'm on your side your need to obtain rebates for your money. It can be frustrating to feel like you're not getting the value you expected. To assist you with this, I recommend reaching out to our customer support team directly. They have the expertise and tools to guide you through the process and help you obtain the rebates you deserve. You can contact them through our website or by phone at {{Customer Support Phone Number}}. They will carefully assess your situation, gather the necessary information, and work towards resolving it promptly. Rest assured, we are committed to ensuring that you receive the appropriate rebates and find a satisfactory resolution.",get_refund
BLZ,I don't know what to do to unsubscribe from the newslwtter,SUBSCRIPTION,newsletter_subscription,"I pick up what you're putting down, your confusion about unsubscribing from our newsletter. No worries, I'm here to guide you through the process. To unsubscribe, please kindly provide me with the email address you used to subscribe to the newsletter. Once I have the email address, I'll take care of canceling your subscription promptly. Rest assured, our main goal is to ensure your satisfaction and provide you with the best possible experience.",newsletter_subscription
BCL,"I want to sign up to the newsletter, help me",SUBSCRIPTION,newsletter_subscription,"That's great to hear! I'm here to assist you in signing up for our newsletter, which means you'll receive all the latest updates and exclusive content straight to your inbox. To get started, could you please provide me with your email address? Rest assured, we value your privacy and will handle your information securely. Once you've shared your email address with me, I'll ensure you're subscribed right away. Thank you for showing interest in our newsletter, and we look forward to keeping you informed and engaged!",newsletter_subscription
BL,information about canceling the newsletter subscription,SUBSCRIPTION,newsletter_subscription,"For sure! I'd be happy to provide you with information on canceling your newsletter subscription. To proceed with cancelation, you can simply visit our website and navigate to the Newsletter section. From there, you should be able to find an option to manage your subscription preferences, including the option to unsubscribe from our newsletter. If you encounter any difficulties or have further questions, please feel free to let me know, and I'll be here to assist you every step of the way.",newsletter_subscription
BL,I don't know how I can unsubscribe to the newsletter,SUBSCRIPTION,newsletter_subscription,"I catch on to the fact that you're unsure about how to unsubscribe from our newsletter. Allow me to guide you through the process. To unsubscribe, you can simply click on the ""unsubscribe"" link at the bottom of any newsletter email you receive from us. Alternatively, you can visit our website and navigate to the newsletter subscription preferences page, where you can manage your subscription settings. If you have any difficulties or need further assistance, feel free to reach out to our customer support team, and they will be more than happy to help you with the process.",newsletter_subscription
BIL,where to cancel my company newsletter subscription?,SUBSCRIPTION,newsletter_subscription,"I understand your need to cancel your company newsletter subscription. We value your preferences, and I'm here to guide you through the process. To cancel your subscription, please follow these steps:

1. Go to our website's homepage.
2. Scroll down to the bottom of the page and look for the ""Newsletter"" section.
3. Click on the ""Manage Subscription"" link.
4. You will be redirected to a page where you can manage your newsletter subscription.
5. Locate the option to unsubscribe or cancel your subscription.
6. Click on the unsubscribe/cancel button and follow any additional prompts or confirmations that may appear.

If you encounter any difficulties or have further questions, please don't hesitate to reach out. We want to ensure that your experience with us is seamless, even if you choose to unsubscribe from our newsletter.",newsletter_subscription
BIL,can I subscribe to the corporate newsletter?,SUBSCRIPTION,newsletter_subscription,"Certainly! We're thrilled to hear about your interest in subscribing to our corporate newsletter. It's a great way to stay updated on the latest news, promotions, and exclusive offers. To subscribe, you can visit our website and navigate to the newsletter section, where you'll find a subscription form. Simply fill in your email address and click the subscribe button. Alternatively, you can provide me with your email address, and I'll be happy to assist you with the subscription process. Rest assured, we value your privacy and adhere to strict data protection policies. Let me know how I can help you further!",newsletter_subscription
BL,tell me more about unsubscribing from your newsletter,SUBSCRIPTION,newsletter_subscription,"I'm on it! I'd be happy to provide more information on how to unsubscribe from our newsletter. Unsubscribing is a simple process that ensures you have full control over the emails you receive from us. To unsubscribe, you can either click on the ""Unsubscribe"" link at the bottom of any newsletter email you receive from us, or you can visit our website and navigate to the ""Newsletter Preferences"" section in your account settings. There, you'll find the option to unsubscribe from the newsletter. Rest assured that unsubscribing will not affect your access to any other services or updates from us. If you have any further questions or need assistance with the process, please feel free to let me know.",newsletter_subscription
BL,help me unsubscribe from your newsletter,SUBSCRIPTION,newsletter_subscription,"I've understood that you're looking for assistance with unsubscribing from our newsletter. I apologize if the content no longer meets your expectations. To unsubscribe, please click on the ""Unsubscribe"" link located at the bottom of any of our newsletter emails. This will ensure that you are successfully removed from our mailing list. If you require any further assistance or have any concerns, please feel free to let me know.",newsletter_subscription
BL,I need assistance to unsubscribe to the corporate newsletter,SUBSCRIPTION,newsletter_subscription,"Glad you got in touch to us for assistance with unsubscribing from our corporate newsletter. I understand that you no longer wish to receive our newsletters and I'm here to help you with the process. To proceed with the unsubscription, I kindly request you to provide me with the email address that you used to subscribe to our corporate newsletter. Once I have the necessary information, I will ensure that your request is promptly processed and you will no longer receive any further newsletters from us. Ensuring your satisfaction is our priority, and we appreciate your patience and understanding throughout this process.""",newsletter_subscription
BQ,i try to cancel the subscription to ur company newsletter,SUBSCRIPTION,newsletter_subscription,"I perceive that you want to cancel your subscription to our company newsletter. I apologize if the content did not meet your expectations. To proceed with the cancellation, please provide me with the email address you used to subscribe, and I will ensure that your request is processed promptly. We value your feedback, so if there's anything specific that prompted you to cancel, please let me know so that we can improve our future newsletters.",newsletter_subscription
BLMW,I need to inform of damn issues with online payment,PAYMENT,payment_issue,"I appreciate you reaching out to us about the issues you're facing with online payment. We understand how frustrating and inconvenient this can be. To properly address your concerns, could you please provide more details about the specific issues you're experiencing? This will help us assist you more effectively and find a resolution as quickly as possible. Thank you for bringing this to our attention, and we're here to support you every step of the way.",payment_issue
BCELM,"my card did not work, help to inform of payment issues",PAYMENT,payment_issue,"I understand how frustrating it can be when your card doesn't work and you need assistance to inform us about the payment issues. Rest assured, I'm here to help you navigate through this situation. Could you please provide me with some more details about the specific problem you encountered with your card? This information will allow us to better understand the issue and provide you with the most appropriate solution. Thank you for reaching out, and we'll work together to resolve these payment issues.",payment_issue
BCL,"I can't make a transfer, help to inform of a payment error",PAYMENT,payment_issue,"I apologize for the inconvenience you're facing with making a transfer and the payment error you encountered. Rest assured, I'm here to help you resolve this issue and inform the relevant team about the error. To begin the process, could you kindly provide more details about the error you received while attempting to make the transfer? This information will aid us in providing you with the most accurate assistance and working towards a prompt resolution. We appreciate your patience and cooperation as we work together to address this matter effectively.",payment_issue
BL,I have to inform of an error with online payment,PAYMENT,payment_issue,"I appreciate you taking the time to inform us about the error you encountered with your online payment. Rest assured, I'm here to assist you in resolving this issue. To better understand the error you experienced, could you please provide some additional details? Any specific error messages, transaction numbers, or steps you took would be immensely helpful. We value your feedback and will work diligently to ensure this matter is resolved to your satisfaction. Thank you for bringing this to our attention.",payment_issue
BLMQZ,i want assistance to notify of a issue with payments,PAYMENT,payment_issue,"I appreciate you reaching out to us for assistance in notifying about the issue you're facing with your payments. Your proactive approach in reporting the problem is commendable, as it allows us to promptly address the issue and provide you with effective solutions. Could you please provide more details about the specific problem you encountered during the payment process? This information will help us investigate the matter more accurately and ensure a smooth resolution. Thank you again for bringing this to our attention, and we are committed to working together to resolve this issue for you.",payment_issue
BILQ,how can i inform of an error with payment,PAYMENT,payment_issue,"We understand that encountering an error with your payment can be frustrating, and we appreciate you reaching out for guidance on how to inform us about the issue. To report a payment error, please follow these steps:
1. Visit our website and log in to your account.
2. Navigate to the ""Payments"" or ""Billing"" section.
3. Click on the ""Report a Payment Error"" or similar option.
4. Provide details about the error you encountered, including any error messages or codes.
5. Submit the form or send a message to our customer support team with the information.

By following these steps, you'll ensure that our team is aware of the issue and can assist you in resolving it as quickly as possible. We appreciate your patience and cooperation in this matter.",payment_issue
BILM,where can I notify of issues with online payment?,PAYMENT,payment_issue,"Thank you for reaching out regarding the issues you're encountering with your online payment. We understand the urgency of resolving this matter and providing you with the necessary assistance. To report any payment problems, please visit our website and navigate to the 'Contact Us' page. There, you'll find multiple channels available for notifying us, such as live chat support, email support, or a dedicated phone number. Our support team is well-equipped to address and resolve any concerns you may have. Remember, we're here to listen, understand, and support you throughout this process. Reach out to us through your preferred channel, and we'll ensure your issue is addressed promptly and efficiently.",payment_issue
BKL,solve payment error,PAYMENT,payment_issue,"I'm sorry to hear that you're facing a payment error. Don't worry, I'm here to assist you in resolving this issue. To better understand the problem and provide you with an effective solution, could you please provide me with more details about the error you encountered? This will enable me to guide you through the troubleshooting process step by step. Together, we'll work towards resolving this payment error and ensuring a smooth transaction. Thank you for bringing this to our attention, and I appreciate your patience and cooperation.",payment_issue
BILM,where to report errors with online payment?,PAYMENT,payment_issue,"I appreciate your inquiry about where to report errors with online payments. To ensure that we address your concern promptly and accurately, I recommend reaching out to our dedicated customer support team. They are specifically trained to handle payment-related issues and will be able to assist you in reporting any errors you may have encountered. You can contact them through our website's live chat feature or by calling our customer support hotline. Rest assured that we are here to help and resolve any payment problems you are facing.",payment_issue
BILMQ,what do i have to do to report errors with payments,PAYMENT,payment_issue,"Thanks for dropping us a line and asking about the process for reporting errors with payments. We appreciate your diligence in bringing this matter to our attention. To report payment errors, I recommend reaching out to our customer support team directly. They are equipped with the necessary resources and expertise to assist you with resolving any payment issues you may be facing. You can contact them through our customer support hotline at {{Customer Support Phone Number}} or by visiting our website at {{Website URL}} and initiating a live chat. Rest assured, our team will listen attentively and work diligently to provide you with the necessary support to resolve the error.",payment_issue
BLM,I don't know how I can order some of your article,ORDER,place_order,"I've deduced from your message that you are unsure about the process of ordering our articles. Don't worry, I'm here to guide you through it step by step. The first thing you need to do is visit our website and browse through our collection. Once you find the article you want to order, click on it to view the product details. There should be an ""Add to Cart"" or ""Buy Now"" button that you can click to initiate the purchasing process. If you have any specific questions or need further assistance, feel free to ask. Together, we'll ensure that you have a smooth and successful ordering experience.",place_order
BLMQ,i need help ordering several articles,ORDER,place_order,"I appreciate you reaching out for assistance in ordering several articles. It's great to see your enthusiasm in acquiring multiple items. To guide you through the ordering process smoothly, could you please provide me with more details about the specific articles you wish to order? This way, I can ensure you have a seamless and satisfying experience while navigating through our wide range of products. Let's work together to make your order a successful one!",place_order
BILMZ,can you help me to acquire an few of your product?,ORDER,place_order,"Thank you for your interest in acquiring a few of our products! I'm here to provide you with the assistance you need to make your purchase. To better assist you, could you please provide me with the specific products you would like to acquire? Once I have that information, I'll guide you through the process and ensure a smooth and enjoyable shopping experience for you.",place_order
BLM,I need assistance to shop several of your product,ORDER,place_order,"We are delighted to assist you in shopping several of our products! It's fantastic to see your interest in our offerings. Our team is ready to provide you with all the help you need to make your shopping experience enjoyable and successful. To get started, could you please let us know which specific products you are looking to shop for and any preferences or requirements you might have? With this information, we can ensure that we guide you to exactly what you are looking for.",place_order
BLMQ,want help shopping several of your item,ORDER,place_order,"Thank you for expressing your interest in shopping multiple items with us! I'd be more than happy to assist you in finding and purchasing the items you need. To get started, could you please provide some more details about the specific items you're looking for? This will help me guide you in the right direction and ensure a smooth and successful shopping experience.",place_order
BIL,how can I acquire a product?,ORDER,place_order,"Thank you for reaching out! I'm happy to assist you with acquiring a product. To make a purchase, you can visit our website and browse through the available products. Once you find the item you're interested in, simply add it to your cart and proceed to the checkout. If you need any assistance along the way or have any specific questions about the product, feel free to ask. We're here to help you make a successful purchase and provide a delightful experience for you. Happy shopping!",place_order
BLMZ,I need help acquiring some prdoucts,ORDER,place_order,"Thank you for reaching out! I'm here to offer my guidance and assistance in acquiring the products you need. To better understand your requirements, could you please provide me with more details about the specific products you are interested in? Once I have this information, I can provide you with the necessary steps to acquire them smoothly.",place_order
BCILM,"I have got to order a few of your item, how do I do it?",ORDER,place_order,"Thank you for expressing your interest in ordering a few of our items! I'm thrilled to assist you in making that happen. To place your order, you have a couple of options. You can visit our website and browse through our collection, adding the items you wish to purchase to your cart. Alternatively, you can reach out to our customer support team, and they will guide you through the ordering process step by step. Whatever method you choose, I'm here to ensure that your experience is convenient, enjoyable, and ultimately results in your desired items being delivered to your doorstep. Let me know if you have any specific items in mind or if there's any other way I can assist you on this journey.",place_order
BLM,I have got to acquire several of your article,ORDER,place_order,"I appreciate your interest in acquiring several of our articles! That shows enthusiasm and a desire to explore our offerings. To help you with this, I would need some specific details. Could you please let me know which articles you are interested in acquiring? With this information, I can provide you with the necessary guidance to make your acquisition process smooth and rewarding.",place_order
BIMZ,how to buy some iterms?,ORDER,place_order,"Thank you for your interest in purchasing some items! I'm here to guide you through the process so that you can have a smooth and enjoyable buying experience. To get started, can you please let me know which specific items you're looking to buy? This information will help me provide you with tailored assistance and recommendations.",place_order
BLQ,need assistance resetting my account pin code,ACCOUNT,recover_password,"For sure! I understand that you're in need of assistance to reset your account pin code and regain access. Rest assured, I'm here to guide you every step of the way. Let's proceed with the following steps:

1. Visit the ""{{Account Recovery}}"" section on our platform.
2. Look for the option to ""{{Reset Pin Code}}"" and select it.
3. You may be prompted to verify your identity through a secondary authentication method (such as email verification or answering security questions). This extra layer of security ensures that only you can reset your pin code.
4. Once your identity is confirmed, you will be able to set up a new pin code for your account. Make sure to choose a strong and memorable pin code.

Remember, if you encounter any difficulties or have any questions along the way, don't hesitate to reach out to our support team. They are available {{Customer Support Hours}} at {{Customer Support Phone Number}} or through the Live Chat on our website at {{Website URL}}. We're committed to assisting you and ensuring a smooth account pin code reset process.",recover_password
BILQ,where do i retrieve my profile key,ACCOUNT,recover_password,"I understand your need to retrieve your profile key, and I'm here to assist you with that. To retrieve your profile key, follow these steps:

1. Log in to your account on our platform at {{Login Page URL}}.
2. Once logged in, navigate to your account settings or profile settings. You can usually find this by clicking on your profile icon or username.
3. Look for an option like ""Security"" or ""Account Information"" within your settings.
4. Within the security/account information section, you should find an option to retrieve or regenerate your profile key.
5. Follow any specific instructions or prompts on the screen to retrieve your profile key.

If you encounter any difficulties or require further assistance, please don't hesitate to reach out. We're here to ensure a smooth and seamless experience for you.",recover_password
BLQZ,information aboutforgotten pass,ACCOUNT,recover_password,"Definitely! I understand you need information about your forgotten password. Losing access to your account can be frustrating, but rest assured that I'm here to assist you. To retrieve your password, you can follow these steps:

1. Visit our platform's ""{{Login Page URL}}"".
2. Look for the option that says ""{{Forgot Password}}"".
3. Enter the email address associated with your account.
4. An email will be sent to you with instructions on how to reset your password. Make sure to check your spam or junk folder if you don't see it in your inbox.
5. Follow the instructions in the email to set a new password for your account.

If you encounter any difficulties or if you have any further questions, please don't hesitate to reach out to me. I'll be more than happy to assist you throughout the process. Remember, we're here to help you regain access to your account securely and promptly.",recover_password
BILQZ,how too recover the key of my user account,ACCOUNT,recover_password,"I'll make it happen! I understand the importance of recovering the key to access your user account. Rest assured, I'm here to help you with the recovery process. Here's what you can do:

1. Begin by visiting our ""{{Account Recovery Page URL}}"".
2. Once you're on the account recovery page, you'll need to provide some necessary information, such as your username or registered email address.
3. Follow the prompts and complete the necessary steps to verify your identity. This may include providing additional security information or answering security questions.
4. Once your identity is verified, you'll be guided through the process of recovering your user account key. This may involve resetting the key, generating a new one, or retrieving it from a secure location.
5. It's important to note that the exact steps may vary depending on our platform and the security measures in place.

Should you encounter any difficulties or have any other questions, please don't hesitate to reach out. We're committed to assisting you throughout the entire process.",recover_password
BLW,help me retrieve the fucking PIN code of my account,ACCOUNT,recover_password,"I realized that you're seeking assistance in retrieving the PIN code for your account. I apologize for any frustration you may be experiencing. Rest assured, I'm here to help you through this process. To retrieve your PIN code, please follow these steps:

1. Access the ""{{Account Recovery}}"" page on our platform.
2. Look for the option to ""{{Retrieve PIN}}"" and click on it.
3. You may be asked to provide some verification information to confirm your identity. This is to ensure the security of your account.
4. Once your identity is verified, you will be able to view and retrieve your PIN code.

If you encounter any difficulties or if you have any further questions, please don't hesitate to reach out. We are always available to provide you with the assistance you need.",recover_password
BL,I have to restore my profile PIN,ACCOUNT,recover_password,"I've ascertained that you're in need of restoring your profile PIN. Rest assured, I'm here to guide you through the process and assist you every step of the way. To restore your profile PIN, please follow these simple steps:

1. Visit the ""{{Profile Settings}}"" section of our platform.
2. Look for the ""{{PIN Management}}"" or ""{{Change PIN}}"" option.
3. Click on it to access the PIN restoration interface.
4. You may be prompted to provide some additional verification details to ensure the security of your profile.
5. Once your identity has been confirmed, you should be able to reset your profile PIN to a new personalized one.

Please note that the exact steps may vary depending on the platform you are using. If you encounter any difficulties or have any further questions, please don't hesitate to reach out. We are always here to help you regain full access to your profile and provide any assistance you may need.",recover_password
BILQ,how to reset my account pwd,ACCOUNT,recover_password,"We're listening! I'm keyed into the fact that you need assistance with resetting your account password. Rest assured, I am here to guide you through the process.

To reset your account password, please follow these steps:

1. Visit our ""{{Login Page URL}}"" and locate the option for resetting your password.
2. Click on the ""Forgot Password"" link to proceed with the password reset process.
3. You will be asked to provide your email address associated with your account. Please enter the email address correctly.
4. Once you've provided the email address, a password reset link will be sent to your inbox. If you don't receive the email, please check your spam or junk folder as well.
5. Access your email and click on the password reset link provided. This will take you to a page where you can set a new password for your account.
6. Create a strong and unique password that combines uppercase and lowercase letters, numbers, and symbols for better security.
7. Confirm the new password and make sure it matches the one you've set.
8. Save the changes, and voila! You have successfully reset your account password.

If you encounter any issues or need further assistance, please don't hesitate to reach out to me. Your account security and convenience matter to us, and we're here to support you every step of the way.",recover_password
BILQ,can ya help me restore my account pass,ACCOUNT,recover_password,"For sure! I completely understand the importance of restoring your account password and the frustration that comes with it. Let's work together to get you back on track:

1. To begin, please navigate to the ""{{Login Page URL}}"" of our platform.
2. Look for the ""{{Forgot Password}}"" option, and click on it.
3. You will be prompted to enter the email address associated with your account. Please make sure to input the correct one.
4. An email with detailed instructions on restoring your account password will be sent to your email address. Keep an eye on your inbox and don't forget to check your spam or junk folders, just in case.
5. Follow the instructions in the email carefully to set up a new, secure password for your account.

If you encounter any difficulties or if the email doesn't arrive within a reasonable time, don't hesitate to reach out to us. We're here to support you every step of the way and ensure your account is fully restored.",recover_password
BCIL,"I can't remember the PIN of my account, how do I reset it?",ACCOUNT,recover_password,"I'm here to assist you in resetting the PIN of your account. For a smooth and hassle-free recovery process, follow these steps:

1. Head over to the ""{{Login Page URL}}"" of our platform.
2. Look for the ""{{Forgot PIN}}"" option and select it.
3. You'll be prompted to provide the email address associated with your account. Kindly input the email address accurately.
4. In a short while, you should receive a comprehensive email with detailed instructions on how to reset your PIN. Remember to check your spam or junk folders, just in case it's inadvertently filtered there.
5. Carefully follow the instructions provided in the email to create a new PIN for your account.

If you encounter any difficulties during this process or if you haven't received the email within a reasonable timeframe, feel free to reach out. I'm here to support you every step of the way!""",recover_password
BIL,how can I reset my user profile password?,ACCOUNT,recover_password,"I'll do my best! I completely understand your need to reset your user profile password. Let's go through the steps together:

1. Begin by visiting our platform's ""{{Login Page URL}}"".
2. Look for the ""{{Forgot Password}}"" option and click on it.
3. You will be prompted to enter the email address associated with your user profile. Please provide the email address you used during the profile creation process.
4. After entering your email address, keep an eye out for an email from us. It should contain detailed instructions on how to reset your password. If you don't see it in your inbox, remember to check your spam or junk folder.
5. Follow the instructions provided in the email to set up a new, secure password for your user profile.

If you encounter any difficulties or if you need any further assistance, please don't hesitate to reach out to me. I'm here to support you throughout the entire process!""",recover_password
BLQ,i have got to report an issue with sign-up,ACCOUNT,registration_problems,"We appreciate your initiative in reporting the issue you encountered during the sign-up process. Your proactive approach allows us to promptly address any hiccups and enhance the overall experience for all users. To ensure we assist you effectively, could you kindly provide more details about the specific problem you faced? Any additional information you share will greatly help us in investigating and resolving the issue. We value your feedback and look forward to resolving this matter for you.",registration_problems
BCIL,"I have to report a sign-up issue, can you help me?",ACCOUNT,registration_problems,"We appreciate you reaching out to us for assistance in reporting the sign-up issue you encountered. Your proactive approach is commendable, and we are here to support you in resolving this matter. Could you please provide some more details about the specific issue you faced during the sign-up process? This will help us investigate and address the problem more effectively. Your feedback is invaluable, and we assure you that we will do our best to ensure a seamless sign-up experience for you and other users.",registration_problems
BILMP,would it be possible to report problems with a sign-up?,ACCOUNT,registration_problems,"Certainly! We always encourage our users to report any issues they encounter during the sign-up process. Your feedback is incredibly valuable to us, as it helps us identify and address any potential problems that may be affecting the sign-up experience. Thank you for bringing this to our attention. Please provide us with more details about the problems you encountered, and we will do our best to assist you and ensure a smooth sign-up process.",registration_problems
BLMQ,want assistance informing of sign-up errors,ACCOUNT,registration_problems,"We're here for you to us for assistance in reporting sign-up errors. We understand how frustrating it can be to encounter issues during the sign-up process, and we're here to help you resolve them. To ensure we provide you with the most accurate and efficient support, could you please provide us with more details about the specific errors you're encountering? This will allow us to investigate and address the issue promptly. We appreciate your cooperation and look forward to assisting you further.",registration_problems
BLQ,i want help notifying of a signup problem,ACCOUNT,registration_problems,"We appreciate your decision to seek assistance in notifying us about the signup problem you encountered. Your proactive approach showcases your dedication to resolving the issue and improving your experience. Please provide us with the details about the problem, such as any error messages you received or any specific steps you performed during the signup process. By gathering this information, we can better understand the issue and work towards finding a prompt solution to ensure your smooth signup. Your feedback is highly valued and crucial to enhancing our signup process for all users.",registration_problems
BILMZ,how do I notify of issues with registrations ?,ACCOUNT,registration_problems,"We appreciate your proactive approach in notifying us of any issues you encounter during the registration process. To inform us about registration problems, you can reach out to our customer support team through various channels. Our customer service representatives are available {{Customer Support Hours}} at {{Customer Support Phone Number}} or through the Live Chat on our website at {{Website URL}}. They will be more than happy to assist you and address any concerns you may have. Your feedback plays a crucial role in helping us improve our services and provide a seamless registration experience for all our users.",registration_problems
BLQ,need assistance to report a problem with signup,ACCOUNT,registration_problems,"Glad you got in touch to us for assistance in reporting a problem with the signup process. We apologize for any inconvenience you may have faced. Our team is here to help you navigate through this issue and ensure a seamless registration experience. To better understand the problem you're encountering, please provide us with specific details such as the error message you are receiving or any steps you have already taken. Rest assured that we will investigate the issue promptly and work towards a resolution. Your feedback is essential for us to continue improving our services.",registration_problems
BLMQ,i need assistance to inform of errors with signup,ACCOUNT,registration_problems,"We've received your message to us for assistance in reporting errors with the signup process. We appreciate your proactive approach in notifying us about the challenges you're facing. Rest assured, we are here to help you resolve any issues and ensure a smooth signup experience. Please provide us with more details about the errors you encountered, such as error messages or any specific steps you took during the signup process. This information will enable us to investigate the issue thoroughly and offer you the most suitable solutions. We value your feedback and will work diligently to address any concerns you may have. Together, we can overcome any obstacles and make your signup experience as seamless as possible.",registration_problems
BLQWZ,I'm trying to report a probloem with a fucking signup,ACCOUNT,registration_problems,"We apologize for any inconvenience you may have experienced during the signup process. We understand your frustration, and we're here to assist you with resolving the issue. Could you please provide us with more details about the problem you encountered? This will help us better understand the situation and provide you with an appropriate solution. We appreciate your patience and look forward to assisting you.",registration_problems
BKL,informing of registration error,ACCOUNT,registration_problems,Thank you for informing us about the registration error you encountered. We apologize for any inconvenience caused. Our team will investigate the issue and work diligently to resolve it as soon as possible. Your feedback is invaluable to us in improving our registration process and ensuring a seamless experience for all users. We appreciate your patience and understanding in this matter. Is there anything else we can assist you with?,registration_problems
BIL,do you have an address to leave feedback for your services?,FEEDBACK,review,"I'm on it! We appreciate your interest in providing feedback on our services. To ensure that your voice is heard, we have a dedicated address where you can submit your valuable feedback. Please visit our website at {{Website URL}} and navigate to the ""Feedback"" section. There, you will be able to leave your thoughts, comments, and suggestions about your experience with our services. We genuinely value your feedback and look forward to hearing from you!",review
BLQ,I'm trying to write a review for ur company,FEEDBACK,review,"We greatly value your desire to write a review for our company! Your feedback holds immense importance for us. To post a review, you can visit our website and navigate to the review section. You'll find a dedicated space where you can share your thoughts, experiences, and suggestions. We appreciate your contribution to improving our services and look forward to hearing from you! If you need any further assistance or have any questions, feel free to let me know.",review
BLQ,want assistance to leave a comment about ur services,FEEDBACK,review,"We truly appreciate your desire to leave a comment about our services! Your feedback helps us understand how we can improve and provide you with an even better experience. To leave a comment, you can follow these simple steps:

1. Visit our website and navigate to the ""Contact Us"" or ""Feedback"" page.
2. Fill out the form with your contact information and select the option to leave a comment about our services.
3. In the comment box, kindly provide detailed feedback about your experience, whether it's positive or constructive.
4. Once submitted, our dedicated team will review your comment and take appropriate action based on your feedback.

Thank you for taking the time to share your thoughts with us. We highly value your input and will continue striving to deliver exceptional services to meet your needs. If you have any further questions or need assistance, please feel free to let me know.",review
BL,I call to send my feedback,FEEDBACK,review,"Appreciate you reaching out to us and sharing your feedback over the phone! Your dedication to providing valuable input about your experience is highly appreciated. To ensure that your feedback is properly recorded and directed to the relevant department, our customer service representative will guide you through a few simple steps during the call. We genuinely value your thoughts and look forward to assisting you in expressing your feedback in the most efficient way possible.",review
BCILPQZ,need to write a comment about ur serfices how could i do it,FEEDBACK,review,"Indeed! I'm here to guide you on how to write a comment about our services. To provide your valuable feedback, you can visit our website and navigate to the ""Feedback"" or ""Contact Us"" section. There, you'll find a form or an option to leave your comment. Alternatively, you can also reach out to our customer support team through phone or live chat, and they will assist you in submitting your comment. Your feedback is highly appreciated, and we look forward to hearing about your experience with our services.",review
BL,help to leave feedback for a product,FEEDBACK,review,"Thank you for choosing to provide feedback for our product! Your insights are invaluable to us in improving our offerings. To leave feedback, you can visit our website and navigate to the product page. There, you'll find a section specifically dedicated to collecting user feedback. Simply fill out the form with your thoughts, suggestions, or any issues you encountered. Rest assured that your feedback will be carefully reviewed and considered. If you have any further questions or need assistance, please don't hesitate to ask. We appreciate your valuable contribution!",review
BILQ,where to leave a review for ur products,FEEDBACK,review,"We greatly appreciate your interest in leaving a review for our products! To ensure that your feedback reaches the right channels, we have a dedicated section on our website where you can share your thoughts and experiences with our products. Simply navigate to our website and look for the ""Review"" or ""Feedback"" section. Once there, you will find a form or a link that will guide you through the process of leaving a review. We value your input and are excited to hear what you have to say!",review
BL,I don't know how I can submit feedback for your products,FEEDBACK,review,"Thank you for your interest in providing feedback for our products! Your input is essential to us as it helps us improve and understand your needs better. To submit feedback, you can either visit our website and go to the dedicated feedback page or reach out to our customer support team via email, chat, or phone. Our team will be more than happy to assist you in submitting your valuable feedback.",review
BILP,could you help me to send my feedback for your products?,FEEDBACK,review,"We truly appreciate your willingness to share your feedback on our products! Your insights provide valuable guidance to enhance our offerings and ensure we meet your expectations. Let me guide you through the process of sending your feedback. To begin, you can visit our website and navigate to the ""Contact Us"" or ""Feedback"" section where you'll find a form to fill out with your feedback. Alternatively, you can reach out to our customer support team via phone or live chat, and they will be more than happy to assist you in submitting your feedback. We value your input and look forward to hearing from you!",review
BEL,I do not know what I need to do to send my feedback,FEEDBACK,review,"Thank you for expressing your interest in providing feedback. Sending your feedback is a straightforward process. Let me guide you through the steps:

1. Visit our website and navigate to the ""Contact Us"" or ""Feedback"" section.
2. There, you will find a form or an email address dedicated to feedback submission.
3. Fill out the form or compose an email, detailing your experience, suggestions, or any other feedback you would like to share.
4. If there are specific categories or areas you would like to address, please mention them in your feedback to help us better understand your concerns.
5. Once you have provided all the necessary information, click ""Submit"" or send your email.

Rest assured that your feedback will be received and reviewed by the appropriate department. We greatly appreciate your contribution to enhancing our services. If you face any difficulties or have any further questions, please don't hesitate to let me know.",review
BLM,there are issues setting up a secondary shipping address,SHIPPING,set_up_shipping_address,"I've decoded that you're experiencing issues while trying to set up a secondary shipping address. I apologize for any inconvenience this may have caused. 

To assist you further, could you please provide more details about the specific problems you're encountering? Are you getting any error messages or facing difficulties navigating through the process? 

Rest assured that I'm here to help you resolve these issues and ensure that your secondary shipping address is successfully set up. Your satisfaction is our top priority, and we'll work together to find a suitable solution.",set_up_shipping_address
BEL,the shipping address is not valid,SHIPPING,set_up_shipping_address,"I'm sorry to hear that you're having trouble with the validity of your shipping address. Address validation plays a crucial role in ensuring accurate delivery. To resolve this issue, I recommend the following steps:

1. Double-check the address details you entered, including the spelling, street name, house number, zip code, and any additional address lines.
2. Verify if the shipping address format aligns with the requirements of your country or postal service. Different regions may have specific formatting rules.
3. Take a moment to confirm that the address you entered exists and is recognized by mapping or postal services. This will ensure that the system can validate it.
4. If you're entering an international address, make sure to follow the correct format and include all necessary information, such as the city, region, and country.
5. Try using a different web browser or device to re-enter the address. Sometimes, technical issues can interfere with the validation process.
6. If the address is still not being accepted, please reach out to our customer support team at {{Customer Support Phone Number}} or through our live chat on our website at {{Website URL}}. They will be more than happy to assist you in resolving the issue with your shipping address.

By following these steps, we hope to resolve the issue with your shipping address and ensure that your order is processed correctly. Thank you for bringing this to our attention, and we apologize for any inconvenience caused.",set_up_shipping_address
BLQ,i try to submit my delivery address,SHIPPING,set_up_shipping_address,"Thank you for sharing your experience of trying to submit your delivery address. I apologize for any inconvenience this may have caused. To better assist you, could you please provide more details about the issue you encountered? For example, did you receive any error message or face any specific challenges during the submission process? With more information, I'll be able to understand the problem better and assist you in resolving it effectively. Your satisfaction is our top priority, and I'm here to help you every step of the way.",set_up_shipping_address
BILQ,how can i set up my new shipping address,SHIPPING,set_up_shipping_address,"I see that you're looking for assistance in setting up a new shipping address. Don't worry, I've got you covered! To set up your new shipping address, follow these steps:

1. Log in to your account on our website.
2. Navigate to your account settings or profile section.
3. Locate the shipping address section.
4. Look for an option to add a new address or edit existing addresses.
5. Click on the ""Add New Address"" or similar button.
6. Fill out the required fields accurately, including the street address, city, state, postal code, and any additional details necessary.
7. Double-check the information you've entered to ensure its accuracy.
8. Save the changes to complete the process.

If you encounter any difficulties or have any questions along the way, please feel free to reach out. Our support team is here to provide further assistance. Happy setting up your new shipping address!",set_up_shipping_address
BELZ,I cannot submit a different delivery addrdss,SHIPPING,set_up_shipping_address,"I apologize for the inconvenience you're experiencing while trying to submit a different delivery address. I understand the importance of ensuring accurate and timely delivery. Let's work together to resolve this issue. Here are a few steps you can take:

1. Double-check the accuracy of the new delivery address you're trying to submit. Make sure all the necessary fields are filled correctly, including the street name, house number, city, state, and ZIP code.

2. If you're encountering an error message when trying to submit the address, please provide the exact error message or any additional details you see on the screen. This will help us pinpoint the issue more accurately.

3. Clear your browser cache and cookies and try submitting the address again. Sometimes, temporary data stored in your browser can interfere with the submission process.

4. If the issue persists, try using a different web browser or device to submit the address. This will help us determine if the problem is specific to your current browser or device.

5. If none of the above steps resolve the issue, I recommend reaching out to our customer support team directly. They have the necessary tools and expertise to assist you further in submitting a different delivery address.

Please let me know if you have any additional questions or if there's anything else I can assist you with. Your satisfaction is our top priority.",set_up_shipping_address
BLMQ,i have problems submitting my new delivery address,SHIPPING,set_up_shipping_address,"I'm sorry to hear that you're having problems submitting your new delivery address. Let's work together to resolve this issue. Here are some steps you can follow:

1. Log in to your account on our website.
2. Navigate to the ""Shipping"" or ""Delivery"" section.
3. Look for the option to ""Add a New Address"" or ""Edit Shipping Address.""
4. Fill in all the required fields with the accurate information for your new delivery address.
5. Double-check the entered details to ensure accuracy and completeness.
6. Finally, click on the ""Submit"" or ""Save"" button to complete the process.

If you continue to experience difficulties or if the process appears different for you, please provide additional details about the specific problem you're encountering. I'm here to assist you every step of the way.",set_up_shipping_address
BLQ,want help to enter my secondary shipping address,SHIPPING,set_up_shipping_address,"I can definitely assist you with entering your secondary shipping address. Let's work together to resolve this:
1. Log in to your account using your credentials.
2. Navigate to the 'My Account' or 'Profile' section.
3. Look for the 'Shipping Addresses' or a similar option.
4. Click on 'Add New' or 'Edit Shipping Address'.
5. Fill in the required details for your secondary shipping address, including the recipient's name, address, city, state, ZIP code, and contact information.
6. Double-check all the entered information for accuracy.
7. Save the changes.

If you encounter any issues at any step or need further guidance, please let me know, and I'll be glad to assist you further!""",set_up_shipping_address
BLQ,i need assistance entering a secondary delivery address,SHIPPING,set_up_shipping_address,"I've come to understand that you need assistance with entering a secondary delivery address. It's important to ensure that your information is correctly recorded for a smooth and hassle-free shipping experience. Here's how you can enter a secondary delivery address:

1. Log in to your account.
2. Navigate to the 'My Account' or 'Profile' section.
3. Look for the 'Shipping Addresses' or similar option.
4. Select 'Add a New Address' or 'Edit Shipping Addresses'.
5. Input the necessary details of your secondary delivery address, including street name, city, state, zip code, and any other required fields.
6. Double-check the accuracy of the address before saving the changes.

If you encounter any difficulties during this process or need further guidance, please don't hesitate to reach out. I'm here to help you every step of the way.",set_up_shipping_address
BCL,"I have got to submit the new shipping address, I need help",SHIPPING,set_up_shipping_address,"I'm conscious of the reality that you're looking for assistance in submitting your new shipping address. Don't worry, I'm here to help you through the process. To submit a new shipping address, please follow these steps:

1. Log in to your account on our website.
2. Navigate to the 'My Account' or 'Profile' section.
3. Look for the 'Shipping Addresses' or similar option.
4. Click on the option to 'Add a New Address' or 'Edit Shipping Addresses'.
5. Fill in the required details for your new shipping address, such as the recipient name, address line, city, state, and zip code.
6. Double-check the information you entered for accuracy before proceeding.
7. Once you're satisfied, click on the 'Submit' or 'Save' button to submit your new shipping address.

If you encounter any difficulties or if the process looks different in your specific case, please provide more details about the specific challenges you're facing, and I'll be more than happy to provide further assistance.",set_up_shipping_address
BLM,I have problems setting a new delivery address up,SHIPPING,set_up_shipping_address,"I've realized that setting up a new delivery address can be challenging at times. Let's work together to resolve this issue. To set up a new delivery address, follow these steps:

1. Log in to your account.
2. Navigate to the 'My Account' or 'Profile' section.
3. Look for the 'Shipping Addresses' or similar option.
4. Click on 'Add a New Address' or 'Edit Shipping Addresses'.
5. Fill in the details of your new delivery address in the provided fields.
6. Save the changes.

If you're still experiencing difficulties or if the process varies for your specific account, please provide me with more information about the problems you're encountering. I'll do my best to assist you further!""",set_up_shipping_address
BIL,can you help me to change to the {{Account Type}} account?,ACCOUNT,switch_account,"Of course! I'm here to guide you through the process of upgrading to our esteemed {{Account Type}} account:

1. Authentication: Begin by logging into your account.
2. Account Settings: Once logged in, navigate to your account settings or profile section.
3. Upgrade Option: In the account settings or profile section, look for the option that says 'Upgrade' or 'Switch Account Type'.
4. Select {{Account Type}}: Choose the '{{Account Type}} Account' or 'Upgrade to {{Account Type}}' option from the available choices.
5. Finalize Upgrade: Follow the on-screen prompts to finalize the upgrade to the {{Account Type}} account.

If you encounter any difficulties or have any additional questions, please don't hesitate to reach out. We're dedicated to making your upgrade experience a seamless and delightful one. Enjoy the added benefits and enhanced features of the {{Account Type}} account!",switch_account
BQ,i dont know how to switch to the platinum account,ACCOUNT,switch_account,"No worries at all! I'm here to guide you through the process of switching to our esteemed {{Account Category}} account:

1. Login to Your Account: Start by logging in to our platform using your credentials.
2. Navigate to Account Settings: Once you're successfully logged in, locate the ""Account Settings"" or ""Profile"" section.
3. Access Upgrade Options: Within the Account Settings or Profile section, you should find an option that allows you to upgrade or switch your account type.
4. Choose the {{Account Category}} Account: Look for the ""{{Account Category}}"" account option and select it. This will initiate the switch to the {{Account Category}} account.
5. Follow the Prompts: Follow the on-screen prompts or instructions to complete the switch to the {{Account Category}} account successfully.

If you encounter any difficulties or have any additional questions throughout the process, please don't hesitate to reach out to me. I'm here to ensure a seamless transition and help you make the most of our remarkable {{Account Category}} account benefits!",switch_account
BILPW,how could I change to the goddamn {{Account Category}} account?,ACCOUNT,switch_account,"Indeed! I understand your desire to switch to the {{Account Category}} account and explore the amazing benefits it offers:

1. Access Your Account: Start by logging into our platform using your existing credentials.
2. Account Settings: Once you're logged in, navigate to your account settings.
3. Account Type Change: Look for an option that allows you to change or upgrade your account type.
4. {{Account Category}} Selection: Select the '{{Account Category}} Account' option from the available choices.
5. Confirm and Save: Follow the on-screen prompts to confirm your account type change and save the settings.

If you encounter any difficulties during the process or if you have further questions, feel free to reach out. I'm here to ensure a smooth transition for you. Enjoy the benefits of your new {{Account Category}} account!",switch_account
BL,help me to use the pro profile,ACCOUNT,switch_account,"I'm happy to help! I'm excited to guide you through maximizing the benefits of our {{Account Type}} profile:

1. **Start Fresh:** Begin by signing in to our platform, using your existing credentials to access your account.
2. **Profile Management:** Once inside, navigate to your '{{Settings}}' or '{{Profile}}' section, typically located in the top-right corner of the screen.
3. **Upgrade Option:** Look for an option labeled '{{Upgrade Account}}' or '{{Account Change}}' within these sections.
4. **Select {{Account Type}}:** Choose the '{{Profile Type}}' option from the available choices.
5. **Exploring {{Account Type}} Features:** Now that you've successfully switched to the {{Account Type}} profile, take a moment to familiarize yourself with the multitude of advanced features and exclusive benefits it offers.
6. **Customization and Support:** Enjoy the freedom to customize your profile settings and make the most of the additional customer support channels and priority assistance available to {{Account Type}} users.

If you come across any challenges or have any additional questions along the way, don't hesitate to reach out for assistance. I'm here to ensure a seamless and rewarding experience as you embark on your {{Account Type}} journey.",switch_account
BKZ,switch to  gold account,ACCOUNT,switch_account,"Sure! Your decision to upgrade to our {{Account Type}} account is highly commendable. Let's embark on this journey together:

1. **Access Your Account:** Start by logging into our platform using your credentials.
2. **Account Settings:** Once you're inside, locate the '{{Settings}}' or '{{Profile}}' section.
3. **Upgrade Option:** Within this section, look for an option that mentions '{{Upgrade Account}}' or '{{Account Change}}'.
4. **Select {{Account Type}} Account:** Choose the '{{Account Type}}' from the list of available options.
5. **Finalize the Switch:** Follow the instructions on the screen to complete the upgrade and enjoy the exclusive benefits of our {{Account Type}} account.

If you have any difficulties or further questions during the process, feel free to reach out. I'm here to ensure a smooth and rewarding transition for you. Embrace the privileges that come with your new {{Account Type}} account!",switch_account
BL,I want assistance to change to the gold account,ACCOUNT,switch_account,"Certainly! I'm thrilled to help you upgrade to our esteemed {{Account Type}} account:

1. Sign-in: Begin by logging into our platform.
2. Account Navigation: Once inside, locate the '{{Settings}}' or '{{Profile}}' section.
3. Upgrade Option: Within these sections, you'll find an option labeled '{{Upgrade Account}}' or '{{Account Change}}'.
4. Selection: Choose the '{{Account Type}}' option from the available choices.
5. Finalize: Follow the on-screen instructions to complete the upgrade.

Should you encounter any challenges or if you have any further questions, please don't hesitate to reach out. We're here to provide you with a seamless transition and ensure you enjoy all the amazing benefits that come with your new {{Account Type}} account.",switch_account
BL,help using the {{Account Type}} profile,ACCOUNT,switch_account,"Definitely! I appreciate your interest in utilizing our Free profile. Allow me to guide you through the process:

1. Access Your Account: Start by logging in to our platform using your credentials.
2. Profile Management: Once you're inside, navigate to your '{{Settings}}' or '{{Profile}}' section.
3. Account Type: Look for an option that corresponds to '{{Account Change}}' or '{{Upgrade Account}}'.
4. Select Free Profile: Choose the '{{Profile Type}}' option from the available choices.
5. Final Steps: Follow the on-screen instructions to complete the process.

Should you encounter any difficulties or if you have any additional questions, please don't hesitate to reach out. Your satisfaction is our top priority, and I'm here to assist you every step of the way. Enjoy the benefits of our Free profile!""",switch_account
BILP,could you help me to change to the {{Account Category}} account?,ACCOUNT,switch_account,"I'm on it! I'm thrilled to assist you with upgrading to our prestigious {{Account Category}} account. Let's get you started on this exciting journey:

1. Login: Firstly, sign in to your account on our platform.
2. Account Settings: Once logged in, navigate to the '{{Settings}}' or '{{Profile}}' section.
3. Upgrade Option: Within these sections, look for an option that says '{{Upgrade Account}}' or '{{Account Change}}'.
4. {{Account Category}} Selection: Choose the '{{Account Type}}' option from the available list.
5. Finalizing the Upgrade: Follow the instructions on the screen to complete the upgrade process.

Should you encounter any challenges along the way or if you have any further questions, please don't hesitate to reach out. I'm here to ensure that this transition is seamless for you. Get ready to enjoy the exclusive benefits and privileges of our {{Account Category}} account!",switch_account
BIQ,where do i switch to the gold account,ACCOUNT,switch_account,"Navigating to the {{Account Type}} account is a breeze! Let's embark on this seamless journey together:

1. Get Logged In: Begin by logging into our platform using your credentials.
2. Account Access: Once inside, locate the '{{Settings}}' or '{{Profile}}' section.
3. Upgrade Path: Within these sections, search for an option labeled '{{Account Change}}' or '{{Upgrade Account}}'.
4. Select {{Account Type}}: Make sure to choose the '{{Account Type}}' option from the available list.
5. Confirm the Switch: Follow the on-screen prompts and complete the necessary actions to finalize your switch.

If you encounter any hiccups along the way or if you have any additional questions, feel free to reach out. I'm here to make your transition to the {{Account Type}} account a memorable and rewarding experience. Enjoy the exclusive benefits that await you!",switch_account
BL,I don't know what to do to change to the premium account,ACCOUNT,switch_account,"No worries at all! I'm here to guide you step-by-step on how to switch to the premium account:

1. Login: Start by signing into your existing account.
2. Profile Settings: Once you're logged in, navigate to the '{{Settings}}' or '{{Profile}}' section.
3. Upgrade Option: Look for an option that says '{{Upgrade Account}}' or '{{Account Change}}'.
4. {{Account Category}} Selection: Choose the '{{Account Type}}' option from the available choices.
5. Finalize the Switch: Follow the prompts or instructions on the screen to complete the upgrade process.

If you encounter any difficulties or have any further questions, feel free to reach out. I'm here to make sure you have a smooth transition and enjoy all the benefits of the premium account!",switch_account
BKL,checking order {{Order Number}} current status,ORDER,track_order,"Grateful for your contact! I get the sense that you would like assistance in checking the current status of your order with order number {{Order Number}}. To provide you with accurate information, I would recommend visiting the '{{Online Order Interaction}}' section on our website. There, you will be able to find the most up-to-date details about your order's current status. If you encounter any difficulties or have further inquiries, please feel free to let me know. My goal is to ensure you have a seamless and satisfying experience with us!",track_order
BILW,where can I see the fucking status of order {{Order Number}}?,ORDER,track_order,"Thank you for contacting us! I understand that you're looking for the status of your order with the number {{Order Number}} {{Order Number}}. To view the current status of your order, please visit the '{{Order Status}}' section on our website. If you need any further assistance or have any other questions, please feel free to ask. My goal is to make sure you have a seamless and satisfying experience!",track_order
BLQ,help me to see the ETA of the purchase {{Order Number}},ORDER,track_order,"Your reach-out is appreciated! I'm sensing that you need assistance in checking the estimated time of arrival (ETA) for your purchase with the purchase number {{Order Number}}. To provide you with accurate information, could you please confirm if you made this purchase on our website or through a different platform? This will help me guide you to the right place to track your order.",track_order
BLZ,chcek order {{Order Number}} current status,ORDER,track_order,"Thank you for getting in touch with us! I understand that you would like to check the current status of your order with the number {{Order Number}} {{Order Number}}. I apologize for the confusion caused by the previous response. To provide you with accurate information, may I kindly ask you to confirm your order number once again? Once I have the correct details, I will be able to assist you further in finding the current status of your order.",track_order
BKLZ,purchase {{Order Number}} current  status,ORDER,track_order,"We've received your message to inquire about the current status of your purchase with the purchase number {{Order Number}}. I understand how important it is for you to stay updated on your order. To get the most accurate and up-to-date information on the current status, I recommend visiting our website and navigating to the 'Order History' section. There, you should be able to find all the relevant details, including the current status of your purchase. If you encounter any difficulties or have any further questions, please don't hesitate to let me know. I'm here to provide any assistance you may need.",track_order
BILQ,can uhelp me locating order {{Order Number}},ORDER,track_order,"We value your outreach! I'm in tune with the fact that you need assistance in locating your order with the order number {{Order Number}}. I'm here to help you with that. To provide you with the accurate information, could you please provide some additional details like your name or email associated with the order, so that I can retrieve the relevant information for you?",track_order
BELNQ,i cannot locate order {{Order Number}},ORDER,track_order,"I apologize for any inconvenience caused by the difficulty in locating the order with the number {{Order Number}}. I understand how important it is to track your purchase, and I'm here to assist you with that. Could you please provide me with some additional details, such as the date of purchase or the name associated with the order? With this information, I'll be able to investigate and provide you with an update on the status of your order. Your satisfaction is my top priority, and I'm committed to resolving this situation for you.",track_order
BK,checking order {{Order Number}} status,ORDER,track_order,"Glad you contacted us! I'm clearly cognizant that you would like to check the status of your order with the order number {{Order Number}}. To help you with this, I recommend visiting our website and navigating to the '{{Order Status}}' section. There you will find all the details regarding the current status and progress of your order. If you have any other questions or need further assistance, please feel free to ask. Helping you stay informed and satisfied is my utmost priority!",track_order
BILPQ,could i see the ETA of the purchase {{Order Number}},ORDER,track_order,"We value your outreach! I'm in tune with the fact that you would like to check the estimated time of arrival (ETA) for your purchase with the purchase number {{Order Number}}. To provide you with accurate information, I kindly request you to navigate to our ""{{Order Tracking}}"" page on our website. There, you will be able to enter your purchase number and view the status and ETA of your purchase. If you encounter any difficulties or have further questions, please don't hesitate to let me know. I'm here to make sure you have a seamless experience and stay well-informed about your purchase!",track_order
BEL,I do not know how I can see purchase {{Order Number}} status,ORDER,track_order,"Always good to connect! I'm attuned to the fact that you are unsure about how to check the status of your purchase with order number {{Order Number}}. Allow me to assist you with that. To view the status of your order, please visit the '{{Order Status}}' section on our website. This will provide you with real-time updates on the progress of your purchase. If you have any further questions or need additional guidance, feel free to ask. I'm here to ensure you have a seamless experience!""",track_order
BLMQ,want help knowing if there are any updates on my refund,REFUND,track_refund,I catch on to the fact that you're seeking assistance to check if there are any updates on your refund. It's important for us to keep you informed about the progress. Let me quickly look into the current status of your refund for you. I appreciate your patience as I gather the necessary information.,track_refund
BKL,show current status of restitution,REFUND,track_refund,"I see your curiosity about checking the current status of your restitution. It's important to have visibility into the progress of your reimbursement. Let me quickly assist you with that. To check the current status of your restitution, you can log in to your account on our website and navigate to the ""Reimbursements"" section. There, you should be able to see all the details regarding your reimbursement, including its current status. If you have any trouble finding this information or if you need further assistance, please don't hesitate to let me know. I'm here to help!",track_refund
BIL,where do I know if there is anything wrong with my rebate?,REFUND,track_refund,"It's completely understandable that you want to stay informed about the progress of your rebate and ensure that everything is going smoothly. To check if there is anything wrong with your rebate, I recommend reaching out to our dedicated customer support team. They will have access to detailed information about the status of your rebate and can assist you with any concerns or issues you may have. You can contact them through our website's live chat or call our customer support hotline. Rest assured, we are committed to providing you with the necessary support and resolving any problems with your rebate as quickly as possible.",track_refund
BQ,i expect a refund of {{Refund Amount}} dollars,REFUND,track_refund,"Thank you for bringing up your expectation of a refund of {{Currency Symbol}}{{Refund Amount}}. I understand the importance of a timely and accurate resolution, especially when it comes to financial matters. Let me look into this for you and provide you with an update as soon as possible. Your patience is greatly appreciated, and I assure you that we are doing everything we can to ensure your satisfaction and trust.",track_refund
BLZ,I exxpect a rebate of {{Currency Symbol}}{{Refund Amount}},REFUND,track_refund,"I understand the importance of your expected rebate of {{Currency Symbol}}{{Refund Amount}}. Every reimbursement plays a significant role in ensuring your satisfaction. Allow me to assist you by checking the current status of your rebate. While I do that, could you please provide me with any relevant information or documentation related to your rebate? This will help me streamline the process and provide you with an accurate update. Thank you for your patience and cooperation in this matter.",track_refund
BCILQ,i expect a refund of {{Refund Amount}} dollars has it been processed,REFUND,track_refund,We appreciate your expectation of a refund in the amount of {{Currency Symbol}}{{Refund Amount}}. I understand your desire to know the current status of the refund process. Allow me to look into it and provide you with the most up-to-date information. Please bear with me for a moment while I gather the details. Your patience is greatly appreciated as we work to ensure your satisfaction and resolve any concerns.,track_refund
BLMQZ,need to know if there are any updates on the ocmpensation,REFUND,track_refund,"We understand how crucial it is for you to stay informed about the updates on your compensation. Rest assured, we are dedicated to keeping you in the loop. Let me quickly retrieve the latest information for you. While I'm gathering the details, may I ask if you have any specific concerns or questions about the compensation process? Your feedback helps us provide a more personalized and efficient support experience. Thank you for your patience.",track_refund
BL,I am waiting for a rebate of {{Refund Amount}} dollars,REFUND,track_refund,"I'm on your side the importance of receiving the rebate of {{Currency Symbol}}{{Refund Amount}} that you are eagerly waiting for. Rest assured, I am here to assist you in tracking the status of your refund. Let me quickly check the details and provide you with an update. Thank you for your patience while I gather the necessary information.",track_refund
BL,I want to see my rebate status,REFUND,track_refund,"I comprehend how important it is for you to stay updated on the status of your rebate. To check the status of your rebate, you can follow these simple steps:

1. Visit our website and navigate to the ""Rebate Status"" page.
2. Enter the necessary information, such as your name, contact details, and rebate application number.
3. Click on the ""Check Status"" button to retrieve the latest updates on your rebate.

If you encounter any issues or have further questions, please don't hesitate to reach out to our customer support team. We're here to assist you and ensure that you have a seamless experience throughout the process.",track_refund
BLQZ,i expect an rebate of {{Currency Symbol}}{{Refund Amount}},REFUND,track_refund,"I grasp the importance of receiving your rebate of {{Currency Symbol}}{{Money Amount}}. It's crucial to promptly address your concern and provide you with accurate information. Let me take a moment to check the current status of your rebate. While I gather the necessary details, I would like to ask if you have previously received a rebate from us or if this is your first time. Your experience will provide valuable insights as we work towards a solution. Thank you for your patience as I look into this matter for you.",track_refund
