flags,instruction,category,intent,response,predicted_intent
BL,I need help cancelling purchase {{Order Number}},ORDER,cancel_order,"I understood, you require assistance with canceling purchase {{Order Number}}. I apologize for any inconvenience this may have caused you. To cancel your purchase, please follow these steps:

1. Sign in to your {{Online Company Portal Info}} using your credentials.
2. Go to the '{{Online Order Interaction}}' or '{{Online Order Interaction}}' section.
3. Locate the purchase with the order number {{Order Number}}.
4. Click on the purchase to view the details.
5. Look for the option labeled '{{Online Order Interaction}}' and select it.
6. Follow any additional prompts or instructions that may appear to complete the cancellation process.

If you encounter any difficulties or have further questions, our dedicated support team is available during {{Customer Support Hours}}. You can reach us at {{Customer Support Phone Number}} or through the Live Chat feature on our {{Website URL}}. We appreciate your understanding and are committed to providing the best possible assistance.",cancel_order
BZ,Iwant assistance canceling order {{Order Number}},ORDER,cancel_order,"I've ascertained that you're seeking assistance with canceling your order with the order number {{Order Number}}. Rest assured, I'm here to help you with that. To proceed with the cancellation, please follow these steps:

1. Log in to your {{Online Company Portal Info}} using your credentials.
2. Navigate to the '{{Online Order Interaction}}' or '{{Online Order Interaction}}' section of your account.
3. Locate the purchase associated with the order number {{Order Number}}.
4. Click on the order to access the order details page.
5. Look for the option labeled '{{Online Order Interaction}}' and click on it.
6. Follow any additional prompts or provide necessary feedback to complete the cancellation process.

If you encounter any difficulties or have further questions, our dedicated team is available to support you. You can reach us during {{Customer Support Hours}} at {{Customer Support Phone Number}}, or you can connect with us through the Live Chat feature on our {{Website URL}}.

We appreciate your understanding and apologize for any inconvenience caused. Your satisfaction is our top priority, and we will do our best to assist you in canceling your order smoothly.",cancel_order
BILP,could you help me cancel purchase {{Order Number}}?,ORDER,cancel_order,"I acknowledge that you need assistance with canceling purchase {{Order Number}}. I'm here to guide you through the process. 

To cancel your purchase, please follow these steps:

1. Sign in to your {{Online Company Portal Info}} using your account credentials.
2. Navigate to your '{{Online Order Interaction}}' or '{{Online Order Interaction}}' section.
3. Locate the purchase with the order number {{Order Number}} and click on it for more details.
4. Look for the option to '{{Online Order Interaction}}' associated with your purchase and select it.
5. Follow any additional instructions or prompts that may appear on the screen to complete the cancellation process.

If you encounter any difficulties or have further questions, our dedicated team is available during {{Customer Support Hours}} to assist you. You can contact us at {{Customer Support Phone Number}} or reach out through the Live Chat feature on our website at {{Website URL}}.

We appreciate your understanding and are committed to ensuring your satisfaction throughout this process.",cancel_order
BIL,how to cancel purchase {{Order Number}}?,ORDER,cancel_order,"I've understood you're seeking guidance on canceling purchase {{Order Number}}, and I'm here to assist you with that. To cancel your purchase, please follow these steps:

1. Log into Your Account: Access the {{Online Company Portal Info}} using your credentials.
2. Go to Your Order History: Navigate to the '{{Online Order Interaction}}' or '{{Online Order Interaction}}' section on the website.
3. Locate Your Purchase: Look for the purchase associated with the order number {{Order Number}} and click on it.
4. Initiate Cancellation: Within the order details, you'll find an option labeled '{{Online Order Interaction}}'. Please select it to initiate the cancellation process.
5. Follow Any Additional Steps: Depending on the platform, you might be asked to provide feedback or answer a few questions to complete the cancellation.

If you encounter any difficulties or have further questions during the process, our dedicated support team is available to assist you. Reach out to us during {{Customer Support Hours}} at {{Customer Support Phone Number}} or through the Live Chat feature on our {{Website URL}}. We're committed to ensuring your satisfaction and will do our best to assist you promptly.",cancel_order
BL,I need assistance canceling purchase {{Order Number}},ORDER,cancel_order,"I've picked up that you need assistance with canceling your purchase with the order number {{Order Number}}. Your satisfaction is our utmost priority, and I'm here to help you through the process. To cancel your purchase, please follow these steps:

1. Sign in to Your Account: Start by logging in to your {{Online Company Portal Info}} using your credentials.
2. Access Your Orders: Navigate to the '{{Online Order Interaction}}' or '{{Online Order Interaction}}' section, where you can view your recent purchases.
3. Locate Your Purchase: Look for the specific purchase with the order number {{Order Number}} and click on it for more details.
4. Initiate Cancellation: You should find the option labeled '{{Online Order Interaction}}' associated with your purchase. Please select this to proceed with the cancellation.
5. Confirm the Cancellation: The system may require you to provide additional information or confirm your decision. Kindly follow the prompts to complete the cancellation process.

If you encounter any difficulties or have further questions during the cancellation process, our dedicated team is available to provide assistance. You can reach us during {{Customer Support Hours}} at {{Customer Support Phone Number}} or via the Live Chat feature on our {{Website URL}}. We appreciate your understanding, and we'll do our best to ensure a seamless experience for you.",cancel_order
BQ,want help to cancel order {{Order Number}},ORDER,cancel_order,"I fathom that you're seeking assistance with canceling your order associated with the purchase number {{Order Number}}. Rest assured, I'm here to help you with that. To initiate the cancellation process, please follow these steps:

1. Log into Your Account: Access our platform by signing in to your {{Online Company Portal Info}}.
2. Navigate to Order Details: Once logged in, go to the '{{Online Order Interaction}}' or '{{Online Order Interaction}}' section.
3. Find Your Order: Look for the purchase linked to the order number {{Order Number}}. Click on it for more information.
4. Cancel the Order: You'll see an option labeled '{{Online Order Interaction}}' associated with your purchase. Select this to begin the cancellation process.
5. Complete the Necessary Steps: The system might ask you some questions or require additional information to proceed. Please provide the requested details accurately.

If you encounter any difficulties during this process or have any other questions, our dedicated support team is available to assist you. Feel free to reach out during {{Customer Support Hours}} at {{Customer Support Phone Number}} or via Live Chat on our {{Website URL}}. Your satisfaction is our priority, and we're committed to providing the support you need.",cancel_order
BLN,I can no longer afford purchase {{Order Number}},ORDER,cancel_order,"I grasp your situation and I'm here to assist you. It's unfortunate that you're unable to afford purchase {{Order Number}}. Let's work together to find a solution:

1. Contact Customer Support: Reach out to our dedicated customer support team during {{Customer Support Hours}} at {{Customer Support Phone Number}}. They will guide you on the options available to you.
2. Explore Alternative Solutions: Our team can help explore alternative options for you, such as rescheduling or adjusting your payment plan. Let them know about your current financial constraints so they can assist you accordingly.
3. Consider Cancellation: If no alternative options are suitable for you, canceling your purchase might be an option. However, it's important to note that canceling an order may be subject to our cancellation policy. Our customer support team will provide detailed information regarding any applicable fees or refunds.

Remember, we are here to support you during this challenging time. Please don't hesitate to get in touch with us.",cancel_order
BILQ,what do i have to do to cancel purchase {{Order Number}},ORDER,cancel_order,"I can tell that you're looking for guidance on canceling purchase {{Order Number}}. I apologize for any inconvenience caused, and I'm here to assist you with the cancellation process. Please follow these steps:

1. Sign into Your Account: Access our platform by signing in to your {{Online Company Portal Info}}.
2. Navigate to Your Orders: Once logged in, locate the section labeled '{{Online Order Interaction}}' or '{{Online Order Interaction}}' and select it.
3. Find Your Purchase: Within the order history, you should see the purchase with the order number {{Order Number}}. Click on it to view the details.
4. Initiate Cancellation: Look for an option labeled '{{Online Order Interaction}}' associated with your purchase. Please click on it.
5. Complete Any Further Steps: You may be prompted to provide a reason for cancellation or provide feedback. Please follow the instructions and fill out any required information.

If you encounter any difficulties during the process or have any further questions, our dedicated support team is available to assist you during {{Customer Support Hours}}. You can reach us at {{Customer Support Phone Number}} or use the Live Chat feature on our {{Website URL}}. Your satisfaction is our priority, and we appreciate your understanding in this matter.",cancel_order
B,I need help cancelling order {{Order Number}},ORDER,cancel_order,"I can relate to the understanding that you need assistance with canceling your order associated with the order number {{Order Number}}. Our team is here to help you with that. To proceed with the cancellation, please follow these steps:

1. Log in to your {{Online Company Portal Info}}.
2. Navigate to the '{{Online Order Interaction}}' or '{{Online Order Interaction}}' section.
3. Locate the order with the order number {{Order Number}}.
4. Look for the option labeled '{{Online Order Interaction}}' associated with the order.
5. Follow the prompts or provide any necessary information to complete the cancellation process.

If you encounter any issues or have further questions, please feel free to reach out to our dedicated customer support team during {{Customer Support Hours}} at {{Customer Support Phone Number}} or through the live chat on our website at {{Website URL}}. We are committed to ensuring your satisfaction and will assist you every step of the way.",cancel_order
BLQ,want assistance canceling purchase {{Order Number}},ORDER,cancel_order,"I've become conscious that you're seeking assistance in canceling your purchase with the order number {{Order Number}}. We apologize for any inconvenience caused by this situation. To cancel your purchase, please follow these steps:

1. Log into your {{Online Company Portal Info}}.
2. Navigate to your ""{{Online Order Interaction}}"" or ""{{Online Order Interaction}}"" section.
3. Locate the purchase associated with the order number {{Order Number}} and click on it for more details.
4. Look for the ""{{Online Order Interaction}}"" option linked to your purchase and click on it.
5. Follow any additional prompts or confirmations to complete the cancellation process.

If you encounter any difficulties or have further questions, please feel free to reach out to our dedicated customer support team during {{Customer Support Hours}} at {{Customer Support Phone Number}}. We're also available to assist you through the Live Chat feature on our website at {{Website URL}}.

We appreciate your understanding, and we're here to help ensure a smooth resolution for you.",cancel_order
BKLZ,edit ordr {{Order Number}},ORDER,change_order,"Thank you for bringing up your request to edit order number {{Order Number}}. We acknowledge that you would like to make modifications to this particular order. To proceed with the necessary changes, could you kindly provide more details on what specific edits you would like to make? This will help us assist you more effectively and ensure your satisfaction.",change_order
BILQ,can ya help me change a product of purchase {{Order Number}},ORDER,change_order,"We appreciate your request to change a product in purchase number {{Order Number}}. We understand that you may have mistakenly selected the wrong item or would like to replace it with a different one. We're here to assist you in making this change. Could you please provide us with the details of the product you would like to change, including the specific changes you'd like to make? This information will help us ensure that we accurately update your purchase and provide you with the product you desire. Thank you for your patience and cooperation.",change_order
BIL,how can I add an article to purchase {{Order Number}}?,ORDER,change_order,"I can tell that you'd like to add an article to purchase number {{Order Number}}. We're here to help! To assist you effectively, could you please provide me with the details of the article you would like to add? This information will allow us to ensure a seamless and satisfactory experience for you. Thank you for your cooperation!",place_order
BLQ,i want help to delete a product from order {{Order Number}},ORDER,change_order,"We understand that you would like assistance in deleting a product from order number {{Order Number}}. We apologize for any inconvenience caused. To better assist you, could you please provide us with the details of the product you wish to remove from your order? This will help us ensure that the necessary actions are taken promptly. Your satisfaction is our top priority, and we appreciate your patience as we work towards resolving this matter.",UNPARSEABLE
BL,help editing order {{Order Number}},ORDER,change_order,"Grateful you reached out to us for assistance with editing order number {{Order Number}}. We are here to help you make the necessary modifications to your order. Could you please provide more details about the changes you would like to make? Whether it's updating the quantity, removing items, or making any other modifications, we are committed to ensuring your complete satisfaction. Your feedback is important to us, and we appreciate your patience as we work together to make the necessary adjustments.",change_order
BL,I want help swapping an item of order {{Order Number}},ORDER,change_order,"I gather that you're looking to swap an item in your order with the number {{Order Number}}. I apologize for any inconvenience caused by this situation. To assist you with this request, could you please provide the details of the item you wish to swap, as well as the replacement item you would like to add? This information will enable us to process the swap accurately and efficiently. Your satisfaction is our priority, and we are here to ensure a smooth and seamless shopping experience for you.",change_order
BIL,how can I swap a product of order {{Order Number}}?,ORDER,change_order,"We understand that you're looking for assistance in swapping a product in order number {{Order Number}}. We're here to help! To proceed with the swap, we kindly ask you to provide us with the details of the product you would like to exchange and the specific product you would like to swap it with. Once we have that information, we can guide you through the process and ensure a smooth transaction. Your satisfaction is our priority, and we appreciate your patience and cooperation in this matter.",change_order
BL,help me swapping an item of order {{Order Number}},ORDER,change_order,"We understand that you need assistance with swapping an item in your order with the number {{Order Number}}. We apologize for any inconvenience you may have faced. To better assist you, could you please provide more details about the specific item you would like to swap? This will allow us to provide you with the most accurate and efficient solution. We look forward to hearing from you soon and ensuring that your order meets your expectations.",change_order
BILMQ,can uhelp me swap some items of order {{Order Number}},ORDER,change_order,"We understand that you would like assistance in swapping some items in order number {{Order Number}}. We're here to help you make the necessary changes. To proceed with the item swap, please provide the specific details of the items you wish to swap and the items you would like to replace them with. Once we have all the necessary information, we will promptly process the item swap for you.",change_order
BK,order change,ORDER,change_order,Thank you for reaching out! We understand that you need assistance with changing your order. We're here to help you with that. Could you please provide us with the order number and the specific changes you would like to make? This will allow us to process your request promptly and ensure that your order is just as you desire.,change_order
BI,what do I have to do to change my shipping address?,SHIPPING,change_shipping_address,"To change your shipping address, you can follow these steps:

1. Log in to your account on our website.
2. Go to the ""Account"" or ""Settings"" section.
3. Look for the ""Shipping Address"" option and click on it.
4. Edit the existing address or add a new one.
5. Make sure to save the changes before exiting.
6. Double-check the updated address to ensure its accuracy.
7. If you encounter any issues or need further assistance, feel free to contact our customer support. They will be happy to help you with the process.

Please note that the availability of certain options may vary depending on your account settings and our platform's features.",change_shipping_address
BLM,I need supports trying to update the shipping address,SHIPPING,change_shipping_address,"Certainly! We are here to provide support for updating your shipping address. Please provide us with the necessary details, and we will assist you in making the necessary changes.",change_shipping_address
BLMQ,i have problems editing my address,SHIPPING,change_shipping_address,"We apologize for the inconvenience you're experiencing with editing your address. To ensure that we provide you with the correct assistance, please provide us with more details about the specific problems you are facing. This will enable us to better assist you in editing your address. Thank you for your cooperation.",change_shipping_address
BIL,where can I modify my delivery address?,SHIPPING,change_shipping_address,"We appreciate your inquiry about modifying your delivery address. To make any changes to your delivery address, please contact our customer service department at [customer service phone number]. Our dedicated team will assist you in updating your shipping information.",change_shipping_address
BCL,"I have entered a wrong delivery address, help me changing it",SHIPPING,change_shipping_address,"Positively! I can assist you in changing your delivery address. To make the necessary modifications, please provide me with your order details and the correct address, and I will ensure that it is updated for you. Alternatively, you can log in to your account on our website and update your address in your profile settings. Let me know how you would like to proceed.",change_shipping_address
BLQZ,need assistance correcting the delivery  address,SHIPPING,change_shipping_address,"I apologize for any inconvenience you may have encountered while trying to correct your delivery address. Our team is here to help you with that. Please provide us with the correct address, and we will update it for you promptly.",change_shipping_address
BIL,can you tell me about updating the shipping address?,SHIPPING,change_shipping_address,"I'll make it happen! If you need to update your shipping address, you can easily do so by accessing your account settings. Navigate to the section where you can manage your address information, and there you'll find an option to edit or modify your current shipping address. Make sure to review the changes before saving them to ensure accuracy. If you encounter any issues or need further assistance, feel free to reach out to our customer support team, and they will be happy to help you with the address update process.",change_shipping_address
BL,I have to correct my delivery address,SHIPPING,change_shipping_address,"We understand the importance of having the correct delivery address and we're here to assist you in making the necessary corrections. To update your delivery address, please follow these steps:

1. Log in to your account on our website.
2. Navigate to the ""My Account"" or ""Profile"" section.
3. Look for the ""Shipping Address"" or ""Delivery Address"" option.
4. Click on that option and enter your new address details.
5. Double-check all the information you've entered to ensure accuracy.
6. Save the changes and confirm that your new address is now updated.

If you encounter any difficulties or need further assistance, don't hesitate to reach out to our customer support team. We're available 24/7 to help resolve any issues you may have. Thank you for choosing our services.",change_shipping_address
BLQ,i have an error trying to change my address,SHIPPING,change_shipping_address,"I apologize for the inconvenience. To resolve the error you are experiencing while trying to change your address, please try clearing your browser cache and cookies, and then attempt the process again. If the issue persists, please reach out to our customer support team for further assistance.",change_shipping_address
BILQZ,where can i find infirmation about correcting the address,SHIPPING,change_shipping_address,"If you need to find information about correcting your address, you can visit our website and navigate to the ""Help"" section. There, you will find a comprehensive guide on how to update your shipping address. If you have any further questions or need assistance, feel free to reach out to our customer support team. We're here to help!",change_shipping_address
BIL,how much will you charge me for canceling the contract?,CANCEL,check_cancellation_fee,"Certainly, I can provide you with the details regarding the cancellation fee for terminating your contract.",cancel_order
BCIL,"I have got to see the cancellation charge, how to do it?",CANCEL,check_cancellation_fee,"Sure! To check the cancellation charge for your account, you can either log in to our website and navigate to the billing section, or you can call our customer service helpline and one of our representatives will assist you.",check_cancellation_fee
BLQ,i dont know what to do to see the termination penalty,CANCEL,check_cancellation_fee,"No worries! Let me guide you through the process of checking the termination penalty. Firstly, you can visit our website and navigate to the ""FAQ"" or ""Terms and Conditions"" section. Here you should be able to find detailed information about the termination penalty. Alternatively, you can contact our customer service team who will be more than happy to assist you with any queries regarding the termination penalty.",check_cancellation_fee
BILMQ,how do i see the withdrawal fees,CANCEL,check_cancellation_fee,"To view the withdrawal fees, you can check the terms and conditions section of your account. Alternatively, you can contact our customer support team for assistance in retrieving this information.",check_cancellation_fee
BL,I want assistance to check the early exit penalty,CANCEL,check_cancellation_fee,"Sure, I can help you with checking the early exit penalty. To view the information, please follow these steps:
1. Log in to your account on our website.
2. Go to the ""My Account"" section.
3. Look for the ""Billing"" or ""Payments"" tab.
4. Select the option for ""Early Termination"" or ""Cancellation Fees"".
5. You should be able to find the details of the early exit penalty there.
If you encounter any difficulties or have further questions, feel free to reach out to our customer support team.",check_cancellation_fee
BILQ,can ushow me the early exit charge,CANCEL,check_cancellation_fee,"Assuredly! To view the early exit charge, you can refer to your account statement or reach out to our customer service team for detailed information. They will be able to provide you with the exact charges and any applicable terms and conditions.",check_cancellation_fee
BEL,I cannot find the withdrawal penalty,CANCEL,check_cancellation_fee,"No problem! I'll assist you in locating the withdrawal penalty. First, you'll need to log in to your account on our website. Once logged in, navigate to the section labeled ""Account Details"" or ""Subscription Information."" In that section, you should be able to find the details regarding the withdrawal penalty, including any associated fees or charges. If you encounter any difficulties or have further questions, feel free to reach out to our customer support team, and they will gladly provide you with the necessary assistance.",check_cancellation_fee
BELM,I do not know what to do to check the termination penalties,CANCEL,check_cancellation_fee,"No worries! I can guide you on how to check the termination penalties for your account. To do so, you will need to log in to your account on our website and navigate to the ""Billing"" or ""Account Settings"" section. There, you should find information about the termination penalties and any associated fees. If you are having trouble finding it, feel free to reach out to our customer support team, and they will be more than happy to assist you further.",check_cancellation_fee
BILQ,how to see the termination penalty,CANCEL,check_cancellation_fee,"If you would like to view the termination penalty, you can access your account online and navigate to the ""Cancellation Policy"" section. There, you will find all the details regarding the charges and fees associated with terminating your account.",check_cancellation_fee
BLQZ,i have got to check the early exit pnalty,CANCEL,check_cancellation_fee,I'll make it happen! I can assist you with verifying the early exit penalty. Can you please provide me with your account details?,check_cancellation_fee
BLQZ,need assistance giving a quick loik at my bill #37777,INVOICE,check_invoice,"For sure! I understand your need to take a quick look at the bill with number #{{Invoice Number}}. Let's dive right in and find the details you're looking for. Could you please provide me with your account information or any other relevant details like the date range or amount? This will help me locate the specific bill and provide you with the accurate information you need. Rest assured, I'm here to guide you every step of the way.",check_invoice
BLM,help me checking my bills from {{Person Name}},INVOICE,check_invoice,"I appreciate that you're seeking help with checking your bills from {{Person Name}}. Rest assured, I'll do my best to assist you in locating the information you need. To get started, could you please provide me with any specific details such as the timeframe or any relevant invoice numbers? This will help me streamline the process and provide you with accurate and efficient support.",check_invoice
BLM,I want assistance finding the bills from {{Person Name}},INVOICE,check_invoice,"I'll take care of it! I understand that you need assistance in locating the bills associated with {{Salutation}} {{Client Last Name}}. To help you more effectively, could you please provide me with any specific details such as a date range or any other relevant information related to {{Person Name}}? This will enable me to narrow down the search and ensure that we find the correct bills for you. Rest assured, I'm here to guide you through the process and help you find the information you need.",check_invoice
BL,I have got to look for the invoice #85632,INVOICE,check_invoice,"Definitely! I understand your urgency to find the invoice with the number #{{Invoice Number}}. Let's work together to locate it swiftly. Could you kindly provide me with any additional details, such as the date or any specific items mentioned on the invoice? This information will enable us to narrow down our search and ensure we retrieve the correct document for you. Rest assured, I'm here to support you every step of the way until we find the invoice you're looking for.",check_invoice
BCILP,"I want to check the bill from {{Person Name}}, could you help me?",INVOICE,check_invoice,"I'll make it happen! I completely understand your desire to check the bill from {{Salutation}} {{Client Last Name}}. I assure you, I'm here to assist you throughout this process. To better guide you, could you provide me with any additional details such as a {{Date Range}}, specific {{Invoice Number}}, or any other relevant information that might help us locate the bill more efficiently?",check_invoice
BK,checking invoice #37777,INVOICE,check_invoice,"Positively! I understand your need to check the invoice with the number #{{Invoice Number}}. Let me guide you through the process step by step. To view your invoice, please follow these instructions:

1. Log in to your account on our website.
2. Navigate to the ""Billing"" or ""Invoices"" section.
3. Look for an option to search or filter invoices.
4. Enter the invoice number #{{Invoice Number}} in the search or filter field.
5. Click on the search or submit button to retrieve the invoice.

If you encounter any difficulties or need further assistance, please don't hesitate to let me know.",check_invoice
BLQ,need to find bill #85632,INVOICE,check_invoice,"I comprehend that you need assistance in locating the details of your bill with the number #{{Invoice Number}}. Rest assured, I'm here to guide you through the process and help you find the information you're looking for. To begin, could you please provide me with some additional details such as the date range or any other relevant information related to the bill? This will enable me to narrow down the search and provide you with accurate results.",check_invoice
BLMQ,i want help taking a quick look at the bills from {{Person Name}},INVOICE,check_invoice,"I'll get right on it! I understand your need to take a quick look at the bills from {{Salutation}} {{Client Last Name}}. To assist you better, could you please provide me with the specific time frame or any additional details related to the bills? This information will enable us to locate and provide you with the necessary information efficiently. Rest assured, I'm here to guide you every step of the way.",check_invoice
BLQZ,i dont know wha i have to do to locate my bill #00108,INVOICE,check_invoice,"I perceive that you're unsure about the steps to follow to locate your bill with the number #{{Invoice Number}}. Don't worry, I'm here to assist you. To find your bill, you can go to the ""Billing"" section of your account dashboard. From there, you should be able to access and download your invoice by selecting the correct date range and searching for the invoice number #{{Invoice Number}}. If you need further assistance or encounter any issues, please let me know, and I'll be more than happy to guide you through the process.",check_invoice
BLQ,i need help to give a quick look at invoice #00108,INVOICE,check_invoice,"I'm happy to help! I'm here to lend a helping hand and provide a quick look at invoice #{{Invoice Number}} for you. Let's dive right into it and see what we can find. Could you please confirm some additional details that might be relevant, such as the date range, customer name, or any specific items mentioned on the invoice? This information will allow me to provide you with accurate and tailored assistance. Together, we'll get to the bottom of this and ensure you have a seamless experience.",check_invoice
BLQWZ,need help listinmg ur damn payment options,PAYMENT,check_payment_methods,"I appreciate your request for assistance in listing our available payment options. It's important for us to provide a comprehensive range of payment methods that cater to our diverse customer base. Here are the payment options we currently support:

- **Credit/Debit Card:** We accept major card brands like Visa, Mastercard, and American Express, ensuring a smooth and secure transaction process.
- **PayPal:** As a globally recognized online payment platform, PayPal offers a convenient and trusted way to make payments.
- **Bank Transfer:** You can make direct payments from your bank account using this payment method.
- **Apple Pay:** Apple users can take advantage of this seamless payment solution for quick and secure transactions.
- **Google Wallet:** Google Wallet is another convenient option that allows for fast and easy checkouts.

Please note that these payment methods may vary depending on your location and the specific services or products you wish to purchase. Feel free to let me know if you have any additional questions or if there's anything else I can assist you with. Rest assured, our goal is to ensure a hassle-free payment experience for you.",check_payment_methods
BCLZ,"I want to see  the payment methods, help me",PAYMENT,check_payment_methods,"Unquestionably! I'm thrilled to assist you in exploring our available payment methods. Here's a comprehensive list of our payment options:

- **Credit/Debit Card:** We accept major credit and debit cards like Visa, Mastercard, and American Express, ensuring convenience for most customers.
- **PayPal:** A highly popular online payment method known for its security and wide acceptance.
- **Bank Transfer:** Allows for direct payments from your bank account, providing a straightforward and secure option.
- **Apple Pay:** Specifically designed for Apple users, this method allows for quick and easy transactions.
- **Google Pay:** Google's payment system ensures fast and hassle-free checkouts.

Feel free to select the payment method that best suits your needs. And if you have any questions or need further assistance, please don't hesitate to reach out. Your satisfaction is our top priority!",check_payment_methods
BL,assistance seeing your allowed payment methods,PAYMENT,check_payment_methods,"We're here to help and requesting assistance in viewing our allowed payment methods. I'm here to help! We offer a range of convenient and secure payment options to accommodate our valued customers. Here's a summary of our allowed payment methods:

- **Credit/Debit Card:** We accept major credit and debit cards such as Visa, Mastercard, and American Express.
- **PayPal:** A trusted and widely used online payment platform.
- **Bank Transfer:** Directly transfer funds from your bank account to complete your purchase.
- **Apple Pay:** Seamlessly make payments using your Apple device.
- **Google Pay:** Enjoy the convenience of using Google's payment system.

These are just a few of the options available to you. If you would like more information on any specific payment method or have any other questions, please don't hesitate to let me know. I'm here to provide further assistance and ensure your satisfaction every step of the way.",check_payment_methods
BEL,I do not know how I can see the accepted payment options,PAYMENT,check_payment_methods,"No worries, I'm here to assist you! To view the accepted payment options, you can visit our website and go to the checkout or payment page. There, you should find a list of the available payment methods. If you're having trouble locating it, our customer support team will be more than happy to guide you through the process. Don't hesitate to reach out to them via live chat, phone call, or email. We want to ensure that you have all the information you need to make a secure and convenient payment.",check_payment_methods
BL,help me listing your available payment methods,PAYMENT,check_payment_methods,"I'm on it! I'm here to assist you in listing our available payment methods. We offer a variety of convenient options to cater to your preferences. Here is a comprehensive list of our accepted payment methods:

1. Credit/Debit Card: We accept major credit and debit cards such as Visa, Mastercard, and American Express. Simply enter your card details during checkout, and you're good to go!

2. PayPal: A globally recognized and secure online payment platform. You can link your PayPal account to make quick and hassle-free transactions.

3. Bank Transfer: This option allows you to transfer funds directly from your bank account. Just select the bank transfer option at checkout and follow the instructions provided.

4. Apple Pay: If you have an iPhone, iPad, or Mac, you can use Apple Pay for a seamless and secure payment experience. Just add your cards to Apple Wallet and enjoy the convenience.

5. Google Pay: For Android users, Google Pay offers a quick and secure way to make payments. Simply add your cards to the Google Pay app and tap to pay.

If you need any further information about these payment methods or have any specific questions, please feel free to ask. We're here to make your payment experience as smooth as possible.",check_payment_methods
BILQ,can ya help me see what payment options ya accept,PAYMENT,check_payment_methods,"Sure! I'm here to assist you in exploring the payment options we accept. We offer a variety of convenient methods to cater to your preferences. Here's a comprehensive list:

- **Credit/Debit Card:** We accept major cards like Visa, Mastercard, and American Express for a seamless checkout experience.
- **PayPal:** A globally recognized online payment platform that provides security and ease of use.
- **Bank Transfer:** Facilitates direct payments from your bank account to ensure a hassle-free transaction.
- **Apple Pay:** An effortless payment solution for Apple users that allows for quick and secure payments.
- **Google Pay:** Google's streamlined payment system, enabling you to make purchases with ease.

If you have any further questions about these payment methods or need assistance with any other concerns, please don't hesitate to let me know. I'm here to help make your experience as smooth as possible!",check_payment_methods
BL,I want help checking the payment methods,PAYMENT,check_payment_methods,"Definitely! I would be delighted to assist you in checking our available payment methods. At our company, we strive to offer a wide range of options to cater to different preferences. Here are some of the payment methods we currently accept:

- Credit/Debit Card: We accept major cards like Visa, Mastercard, and American Express.
- PayPal: A popular and secure online payment method.
- Bank Transfer: You can make direct payments from your bank account.
- Apple Pay: An easy and convenient method for Apple users.
- Google Wallet: Google's payment system for fast checkouts.

If you have any questions or need more information about any of these payment methods, please don't hesitate to let me know. I'm here to assist you every step of the way!",check_payment_methods
BLQ,i want help listing ur available payment methods,PAYMENT,check_payment_methods,"Wonderful! I'm excited to assist you in listing our available payment methods. We take great pride in offering a variety of options to cater to our customers' diverse preferences and needs. Here's a comprehensive list of our accepted payment methods:

- Credit/Debit Card: We accept major card brands like Visa, Mastercard, and American Express, providing a secure and convenient way to pay.
- PayPal: A widely recognized and trusted online payment platform that allows for seamless transactions.
- Bank Transfer: You can opt to make direct payments from your bank account, ensuring a hassle-free experience.
- Mobile Payment Apps: We also support popular mobile payment apps like Apple Pay and Google Pay, optimizing convenience for our tech-savvy customers.

I hope this provides you with a clear overview of the payment methods we offer. If you have any further questions or if there's anything else you need assistance with, please don't hesitate to let me know.",check_payment_methods
BL,help me listing your accepted payment modalities,PAYMENT,check_payment_methods,"Sure! I'm here to provide you with a list of our accepted payment methods. We strive to offer convenience and flexibility to our valued customers. Here are the payment options we currently accept:

- Credit/Debit Card: We accept major credit and debit cards like Visa, Mastercard, and American Express.
- PayPal: A secure and widely used online payment platform.
- Bank Transfer: Directly transfer funds from your bank account.
- Apple Pay: Enjoy seamless payments using your Apple device.
- Google Pay: Conveniently pay with your Google account.

These options cater to different preferences to ensure a smooth and hassle-free payment experience. If you need further assistance or have any questions, feel free to reach out. We're always here to help you make the most of our services.",check_payment_methods
BLZ,I have to check the payment optiins,PAYMENT,check_payment_methods,"Thank you for reaching out! I completely understand that you need to check the available payment options. It's essential to have convenient and secure payment methods. Here are the payment options we offer our valued customers:

- **Credit/Debit Card:** We accept major credit and debit cards like Visa, Mastercard, and American Express.
- **PayPal:** A trusted and widely-used online payment platform.
- **Bank Transfer:** Allows you to make direct payments from your bank account.
- **Digital Wallets:** Convenient options like Apple Pay, Samsung Pay, and Google Pay.
- **Cryptocurrency:** For those interested, we also accept certain cryptocurrencies.

These are just a few examples of the payment options available. If you have any questions about a specific method or need further assistance, feel free to let me know. We're here to help!",check_payment_methods
BL,I need to see in what cases can I request to be refunded,REFUND,check_refund_policy,"I'll make it happen! I completely understand your need to find out the specific cases in which you can request a refund. Allow me to provide you with a comprehensive breakdown:

1. **Product/Service Defect:** If the product or service you received has a defect or does not meet the specified description, you are typically eligible for a refund.
2. **Cancellation within Grace Period:** Should you change your mind and decide to cancel within the allocated grace period, you should be able to receive a refund.
3. **Unauthorized Charges:** I apologize for any inconvenience caused by unauthorized charges. If you notice any unfamiliar charges or transactions that you did not authorize, we will certainly investigate and assist you.
4. **Event Cancellation:** I understand how disappointing it can be when an event you purchased tickets for gets canceled. If the event is not rescheduled, you are usually eligible for a refund.
5. **Duplicate Charges:** Mistakes happen, and if you discover that you have been charged multiple times for the same item, please reach out to us so that we can promptly rectify the situation.
6. **Non-receipt of Goods:** If you have not received your purchased product within the expected timeframe, please let us know. In such cases, you may be eligible for a refund.

It's important to note that each vendor or service provider may have their own refund policies, which could include additional or specific conditions. To ensure a comprehensive understanding, I recommend consulting directly with them or reviewing their terms and conditions. If you have a specific order or concern, please provide me with the relevant details such as the order number, and I'll be happy to assist you in more detail. Your satisfaction is our top priority.

Is there anything else I can assist you with today?",check_refund_policy
BIL,can I check in which cases can I ask for a reimbursement?,REFUND,check_refund_policy,"Certainly! I completely understand your desire to know the various cases in which you can request a reimbursement. Here's a breakdown of the common situations:

1. **Product/Service Defect:** If the product or service you received is defective or doesn't meet the described standards, you are likely eligible for a reimbursement.
2. **Cancellation within Grace Period:** Should you change your mind and decide to cancel your purchase within the specified grace period, you should be able to request a reimbursement.
3. **Unauthorized Charges:** If you notice any charges on your account that you did not authorize or recognize, please inform us promptly so that we can investigate and assist you in getting a reimbursement if necessary.
4. **Event Cancellation:** If an event you purchased tickets for gets canceled and isn't rescheduled, you would typically be entitled to a reimbursement.
5. **Duplicate Charges:** In case you notice multiple charges for the same item or purchase, please reach out to us immediately, and we will work to resolve the issue and process a reimbursement if needed.
6. **Non-delivery of Goods:** If you haven't received the product you ordered within the expected timeframe, please let us know, as this could qualify you for a reimbursement.

It's important to note that while these situations are generally eligible for a reimbursement, specific vendors or service providers may have additional policies or requirements. I recommend reviewing their terms and conditions or contacting them directly for more information.

If you have any specific concerns or need assistance with a particular order, please provide me with the relevant details, such as the order number, and I'll be glad to dive deeper into the issue. Your satisfaction is our top priority, and we're here to help you every step of the way.

Is there anything else I can assist you with?",check_refund_policy
BL,help seeing in what cases can I ask for reimbursements,REFUND,check_refund_policy,"Definitely! I understand your desire to have a clear understanding of the situations in which you can request reimbursements. Here are the key circumstances:

1. **Product/Service Dissatisfaction:** If you are dissatisfied with the purchased product or service, and it does not meet your expectations or fulfill its intended purpose, you may be eligible for reimbursement.
2. **Late Delivery:** In the event that your product does not arrive within the specified delivery timeframe, you may be able to request a reimbursement.
3. **Incorrectly Charged:** If you notice any incorrect charges on your account or are billed for products or services you did not purchase, you can reach out to request a reimbursement.
4. **Canceled Order:** If you decide to cancel your order before it is shipped or fulfilled, you can typically request a reimbursement.
5. **Order Not Received:** If you did not receive your order at all, you may be entitled to a reimbursement.
6. **Product/Service Defect:** Should you encounter a defect in the product or service you received, you may have grounds to request a reimbursement.

Please keep in mind that these are general situations, and specific refund policies may vary depending on the vendor or service provider. I recommend reviewing the terms and conditions or contacting the specific vendor for more detailed and accurate information regarding their reimbursement policy.

If you have any specific concerns or need assistance with a particular order, please provide me with the necessary details, such as the order number, so that I can further assist you. Your satisfaction is our priority!

Is there anything else I can assist you with?",check_refund_policy
BL,I need help to see in which situations can I request refunds,REFUND,check_refund_policy,"Sure! I completely understand your need for clarity on the situations in which you can request a refund. Let me provide you with a comprehensive breakdown:

1. **Product/Service Defect:** If you receive a product or service that is defective or does not match the description, you are generally eligible for a refund.

2. **Inaccurate Descriptions:** If the product or service you received does not match the description provided at the time of purchase, you may be entitled to a refund.

3. **Cancellation within Grace Period:** If you change your mind and decide to cancel your purchase within the stated grace period, you should be able to obtain a refund.

4. **Unauthorized Charges:** If you notice any unfamiliar or unauthorized charges on your account related to your purchase, please reach out to us so that we can investigate and assist you.

5. **Non-delivery of Goods/Services:** If you have not received the purchased goods or services within the expected timeframe, you may be eligible for a refund.

6. **Event Cancellation:** If you have purchased tickets or registered for an event that gets canceled without a rescheduled date, you would generally qualify for a refund.

It's important to note that refund policies can vary between vendors or service providers. To obtain a comprehensive understanding of the refund process, I recommend consulting the specific terms and conditions of the sellers or service providers you have made the purchase from.

If you have any specific concerns or questions regarding a particular order, please provide me with the relevant details such as the order number, and I'll be more than happy to assist you further.

Your satisfaction and peace of mind are of utmost importance to us. Feel free to let me know if there's anything else I can assist you with.",check_refund_policy
BLQ,help me see in what situations can i request my money back,REFUND,check_refund_policy,"I'm on your side your desire to know the situations in which you can request your money back. Here's a breakdown of the common scenarios:

1. **Product/Service Defect:** If you receive a product or service that is defective, damaged, or not as described, you are generally eligible for a refund.

2. **Cancellation within Grace Period:** Many purchases come with a grace period during which you can change your mind and cancel your order for a full refund.

3. **Unauthorized Charges:** If you notice any charges on your account that you didn't authorize, it's important to contact us right away. We will investigate and work to resolve the issue.

4. **Event Cancellation:** If you purchased tickets for an event that gets canceled and not rescheduled, you should be eligible for a refund.

5. **Duplicate Charges:** If you are charged multiple times for the same item or service, please let us know so we can rectify the situation and refund the duplicate charges.

6. **Non-Delivery of Goods:** If you ordered a product but it hasn't been delivered within the promised time frame, you may qualify for a refund.

Please keep in mind that these situations may vary depending on the specific vendor or service provider. It's always a good idea to review the terms and conditions or contact customer support for more information. If you have any specific concerns or need assistance with a particular order, please provide me with the relevant details, such as the order number, and I'll be happy to assist you further.",check_refund_policy
BLQ,want help to see in which cases can i request my money back,REFUND,check_refund_policy,"I pick up what you're putting down, your desire to understand the situations in which you can request a refund. Allow me to provide you with the necessary information. Here are some common scenarios where you may be eligible for a refund:

1. **Product/Service Defect:** If the product or service you received is defective, damaged, or does not meet the description provided, you are typically entitled to a refund.
2. **Cancellation within Grace Period:** Many companies offer a grace period during which you can cancel your order or subscription and receive a refund.
3. **Unauthorized Charges:** If you notice any unauthorized charges on your account or credit card statement, please inform us immediately to investigate and assist you.
4. **Non-Delivery or Delayed Delivery:** If you have not received your product within the estimated delivery window or experience significant delays, you may be eligible for a refund.
5. **Unsatisfactory Service:** If you have received a service that did not meet your expectations or was not performed as advertised, you may be entitled to a refund.
6. **Wrong Item Delivered:** If you receive the wrong item or a different item than what you ordered, you should be able to request a refund.

However, it's important to note that specific refund policies may vary depending on the vendor, service provider, or product. I recommend reviewing the terms and conditions of your purchase or contacting the customer support team directly to get precise information about their refund policy.

I hope this helps clarify the situations in which you can request a refund. If you have any further questions or if there's anything specific you would like assistance with, please let me know.",check_refund_policy
BL,I want help to see in which situations can I ask for refunds,REFUND,check_refund_policy,"I'll get right on it! I understand your need for assistance in understanding the situations in which you can request a refund. Let's delve into the various scenarios:

1. **Product/Service Defect:** If you have received a defective product or if the purchased service does not meet the description or quality standards, you are generally eligible for a refund.

2. **Cancellation within Refund Period:** If you decide to cancel your purchase within the specified refund period, you should be able to receive a refund. The refund period varies depending on the specific product or service, so it's essential to review the terms and conditions.

3. **Change in Circumstances:** In some cases, you may experience a change in circumstances that necessitates a refund. This could include situations such as a trip cancellation, change in event date, or any other valid reason stated in the refund policy.

4. **Unauthorized Charges:** If you identify any unauthorized charges on your account or credit card statement, it's essential to report them immediately. We will investigate the charges and assist you in resolving the issue and obtaining the appropriate refund.

5. **Non-delivery of Goods or Services:** If you have not received the purchased goods or services within the agreed-upon timeframe or if they were not delivered at all, you should be eligible for a refund.

Please note that these are general situations, and specific refund policies may vary depending on the product or service provider. It's always advisable to carefully review the refund policy, terms, and conditions provided by the vendor or service provider. If you have any specific concerns or need assistance with a particular order, please provide me with the relevant details, such as the order number or transaction information.

I'm here to help and ensure your satisfaction throughout the refund process. Let me know if there's anything else I can assist you with.",check_refund_policy
BILW,in which situations can I ask for a goddamn reimbursement?,REFUND,check_refund_policy,"Assuredly! I fully comprehend your desire to understand the situations in which you are eligible for a refund. Let me shed light on some common scenarios:

1. **Product/Service Dissatisfaction:** If the product or service you purchased fails to meet your expectations or doesn't align with what was promised, you have the right to request a refund.
2. **Cancellation within the Applicable Window:** Should you change your mind about a purchase and cancel it within the specified time frame, you should be entitled to a refund.
3. **Non-Delivery of Goods/Services:** If you haven't received the goods or services you paid for within the expected time frame or at all, you have a valid reason to request a refund.
4. **Product/Service Defect:** In the unfortunate event that the product or service you received is defective, damaged, or unusable, seeking a refund is a reasonable course of action.
5. **Unauthorized Charges:** If you notice any suspicious or unauthorized charges on your account, promptly report them to request a refund for those transactions.
6. **Event Cancellation:** If an event or activity that you have purchased tickets for gets canceled and not rescheduled, you may be eligible for a refund.

Please note that these are common situations, but refund policies may vary depending on the vendor or service provider. It's always prudent to review the terms and conditions or reach out to their customer support for specific information. If you have any specific concerns or need assistance with a particular purchase, please provide me with the necessary details, such as the {{Order Number}}, and I'll be more than happy to dive deeper into it for you.

Is there anything else I can help you with today?",check_refund_policy
BLQ,i want help to check how long reimbursements take,REFUND,check_refund_policy,"Thank you for contacting to us for assistance in understanding the duration of reimbursements. I completely understand how crucial it is to have clarity on this matter. Typically, the time it takes for reimbursements to be processed can vary depending on several factors, such as the payment method used, the complexity of the refund request, and the specific policies of the vendor or service provider. In most cases, reimbursements are processed within a few business days after the refund request has been approved. However, it's important to note that some reimbursement processes may take longer, especially if additional verification or investigation is required. It's always a good idea to consult the refund policy of the vendor or service provider or reach out to their customer support team for more specific information regarding the anticipated timeline for reimbursements. If you have any specific reimbursement request or concern, please provide me with the necessary details, such as the {{Order Number}} or any relevant information, and I'll be more than happy to assist you further. Ensuring your satisfaction and providing you with a seamless experience is our top priority. Let me know if there's anything else I can assist you with!",check_refund_policy
B,assistance to check in what cases can I ask to be refunded,REFUND,check_refund_policy,"Positively! I completely understand your desire to gain clarity on the specific scenarios that warrant a refund. Here's a breakdown of the most common situations where you can request a refund:

1. **Product or Service Defect:** If the product or service you received has a defect or doesn't meet the description, you have a valid reason to request a refund. Our goal is to ensure that you receive the quality you expect and deserve.

2. **Cancellation within the Grace Period:** If you change your mind about a purchase and decide to cancel within the designated grace period, you'll typically be eligible for a refund. Our aim is to provide flexibility and customer satisfaction.

3. **Unauthorized Charges:** We understand that unauthorized charges can be concerning. If you notice any charges on your account that you didn't authorize, please reach out to us immediately. Resolving these issues and ensuring your financial security is of utmost importance to us.

4. **Non-Delivery or Non-Receipt of Goods:** If you haven't received your ordered product within the expected timeframe or haven't received it at all, you can request a refund. We want to ensure you receive your products in a timely manner.

5. **Event Cancellation:** If an event you purchased tickets for gets canceled without a rescheduled date, you can typically request a refund. We strive to ensure you have a seamless and enjoyable experience.

6. **Duplicate Charges:** If you notice duplicate charges for the same item on your account, please let us know right away. Resolving these issues and ensuring fair charging practices is our priority.

Remember that specific refund policies may vary depending on the vendor, service provider, or the type of product you purchased. Therefore, it's always best to review the refund policy of the specific vendor or service provider for more details.

I hope this helps provide you with the information you were looking for. If you have any additional questions or concerns, please feel free to let me know.",check_refund_policy
BL,I need help making a claim against your business,FEEDBACK,complaint,"I've realized you require assistance in making a claim against our business. I apologize for any inconvenience or dissatisfaction you may have experienced. Rest assured, your concern is of utmost importance to us, and we are here to support you through this process. To ensure a smooth resolution, could you please provide me with the details of your claim? This will enable us to thoroughly investigate the matter and work towards a fair and satisfactory outcome. Your feedback is crucial in helping us improve our services and address any areas of concern. Thank you for bringing this to our attention; we're committed to resolving this issue for you.",complaint
BL,I call to make a customer claim,FEEDBACK,complaint,"We appreciate your inquiry to make a customer claim. I'm here to assist you with the process. To ensure that your claim is handled properly, could you please provide me with some more details regarding your claim? This will help us understand and address your concerns more effectively.",complaint
BCILPQZ,wanna oldge a claim against ur company will uhelp me,FEEDBACK,complaint,"I'm deeply sorry to hear that you want to lodge a claim against our company. Please know that we take your concerns seriously and are committed to resolving the issue to your satisfaction. To help you with the process, I kindly request you to provide some more details about your claim. This will enable me to understand the situation better and guide you towards the appropriate channel for lodging your claim. Your feedback is important to us, and we appreciate the opportunity to address any concerns you may have. How can I assist you further with lodging your claim?",complaint
BL,lodging consumer claim against your company,FEEDBACK,complaint,"I'm truly sorry to hear that you are planning to lodge a consumer claim against our company. We take customer satisfaction very seriously, and I understand the importance of addressing your concerns promptly and effectively. To ensure that your claim is handled properly, I will personally assist you in initiating the process. Could you please provide me with some more details about your claim, such as the nature of the issue and any supporting evidence you may have? This will help us thoroughly investigate the matter and take appropriate actions to resolve it as quickly as possible.",complaint
BILQZ,where can i file a customer complaint agaist ur company,FEEDBACK,complaint,"I grasp that you are looking for the appropriate channel to file a customer complaint against our company. Your feedback is important to us, and we want to ensure that your concerns are addressed. To file a complaint, you can reach out to our dedicated customer support team. They are available to assist you through our website's live chat feature at {{Website URL}}. They will guide you through the process and make sure your complaint is documented and forwarded to the relevant department for investigation. We appreciate your feedback and will take it seriously in order to improve our services.",complaint
BL,help me making a customer complaint,FEEDBACK,complaint,"I deeply appreciate you reaching out to us to voice your concerns and seek assistance in making a customer complaint. Your feedback is incredibly valuable to us, as it helps us improve our products and services. To ensure that your complaint is properly addressed, I kindly request that you provide me with the specific details of your complaint, including any relevant documentation or evidence. This will help us thoroughly investigate the matter and provide you with an appropriate resolution. Rest assured, I am committed to working with you to resolve this issue as quickly and efficiently as possible. Thank you for bringing this to our attention.",complaint
BLPQW,i dont know how i could file a fucking customer reclamation,FEEDBACK,complaint,I apologize for the frustration you're experiencing in trying to file a customer reclamation. I completely understand how important it is for you to have assistance with this matter. Please allow me to guide you through the process and ensure that your reclamation is properly filed. We value your feedback and want to ensure that your concerns are addressed promptly. How can I assist you further in filing your customer reclamation?,complaint
BLQ,i need assistance making a claim against ur company,FEEDBACK,complaint,"I'm sorry to hear that you need assistance making a claim against our company. Your feedback is extremely important to us, and I want to assure you that we take it very seriously. I'm here to help guide you through the process and ensure that your claim is addressed promptly and effectively. Please provide me with the details of your claim so that I can assist you accordingly.",complaint
BLQW,i try to make a bloody consumer complaint against ur company,FEEDBACK,complaint,"I'm very sorry to hear that you're feeling frustrated and want to file a complaint against our company. I understand that this situation has caused you a great deal of dissatisfaction, and I sincerely apologize for any inconvenience caused. Your feedback is extremely important to us, and I would like to assure you that we take complaints very seriously. In order to assist you further, could you please provide me with more details about the issue you're facing? I want to make sure that we address your concerns in the most effective way possible.",complaint
BL,I want help making a complaint against your organization,FEEDBACK,complaint,"I'm sorry to hear that you're looking to file a complaint against our organization. Your experience is valuable to us, and I genuinely appreciate you bringing this matter to our attention. To ensure that your concerns are properly addressed, can you please provide me with more details regarding your complaint? This will help our team thoroughly investigate the issue and work towards finding a satisfactory resolution. Rest assured, we take customer feedback seriously and are committed to rectifying any shortcomings. How can I assist you further in this process?",complaint
BCILQZ,need to speak to customersupport can ya help me,CONTACT,contact_customer_service,Your input is valuable! I'm picking up that you need to speak with our customer support team. I'm here to assist you and provide the necessary help. Can you please provide me with more details about the issue or question you have? This will allow me to guide you to the right department or provide you with the appropriate information.,contact_customer_service
BIL,do you have a free phone number to contact customer service?,CONTACT,contact_customer_service,Thank you for reaching out to us! I completely understand your need for a free phone number to contact our customer service team. We do provide a toll-free number for your convenience. You can reach us at {{Toll-Free Number}} during our customer support hours. Our knowledgeable representatives will be happy to assist you with any questions or concerns you may have. Is there anything else I can help you with?,contact_human_agent
BL,help me check what hours I can contact customer support,CONTACT,contact_customer_service,We're listening! I'm keyed into the fact that you would like to check the operating hours for contacting our customer support. Our dedicated team is available {{Customer Support Hours}}. Please don't hesitate to reach out to us during this time if you have any questions or concerns. We are here to assist you. How else may I help you today?,contact_human_agent
BIL,how do I check at what time I can call customer assistance?,CONTACT,contact_customer_service,"Thank you for trusting us! I'm fully aware of you would like to know the process for checking the operating hours of our customer assistance team. To check the available hours, you can visit our website at {{Website URL}} and navigate to the customer support section. Alternatively, you can reach out to our customer assistance team directly at {{Customer Support Phone Number}} for the most up-to-date information regarding their availability. Our team is dedicated to assisting you and will be happy to provide you with the information you need. Is there anything else I can help you with?",check_payment_methods
BL,I want assistance calling customer support,CONTACT,contact_customer_service,"I see what you mean! I'm on the same page that you need assistance with calling our customer support. Our dedicated team is here to help you with any questions or concerns you may have. To ensure you have a seamless experience, please provide me with the best contact number to reach you, and I will arrange a call-back from our customer support team as soon as possible. We appreciate your patience and look forward to assisting you further!",contact_customer_service
BL,I am trying to see what hours customer service available is,CONTACT,contact_customer_service,Always good to connect! I'm attuned to the fact that you are trying to find out the operating hours during which our customer service is available. Our dedicated customer service team is available to assist you during our service hours which are {{Customer Support Hours}}. Please feel free to reach out to us within these hours for any questions or concerns you may have. How else can I assist you today?,contact_human_agent
BILQ,can i check at what time i can reach customer support,CONTACT,contact_customer_service,"Thank you for trusting us! I'm fully aware of you are looking for information about the timings when our customer support team is available. Our customer support operates during {{Customer Support Hours}}. If you have any further questions or concerns, please feel free to ask. How else may I assist you today?",contact_human_agent
BLQZ,i have to see what hours i can contact customer uspport,CONTACT,contact_customer_service,"Your message means a lot! I'm aligned with the idea that you would like to know the operating hours when you can contact our customer support. Our customer support team is available from {{Customer Support Hours}}. Feel free to reach out during these hours, and we will be happy to assist you. Is there anything else I can help you with?",contact_human_agent
BILQ,what is ur customer assistance mail,CONTACT,contact_customer_service,"Thank you for reaching out! I understand your need to know our customer assistance email. To ensure the privacy and security of our customers, we encourage you to reach out to our customer service team through our official contact channels. You can find our customer assistance email on our website's contact page. If you have any further questions or need assistance with any other concerns, please feel free to let me know.",contact_customer_service
BI,what time can I contact customer service?,CONTACT,contact_customer_service,"We appreciate your message! It's clear to me that you would like to know the available contact hours for our customer service team. Our dedicated customer service representatives are available to assist you during {{Customer Support Hours}}. Whether you have a question, concern, or simply need some guidance, our team is here to provide you with exceptional support. Is there anything else I can assist you with?",contact_human_agent
BL,I need to speak with someone,CONTACT,contact_human_agent,"I hear you! I'm following you that you need to speak with someone and I'm here to assist you with that. Our team of dedicated representatives is available to address any concerns or queries you may have. To connect you with the right person, could you please provide some more details about the specific topic or issue you need assistance with? This will help us ensure you receive the most accurate and personalized support. Thank you for your cooperation, and I appreciate your patience as we work on resolving your request.",contact_human_agent
BILZ,can you help me speaking with a human agent ?,CONTACT,contact_human_agent,"Your reach-out is appreciated! I'm sensing that you need assistance in speaking with a human agent. Your desire for a personal connection is important to us. For a seamless experience, let me quickly redirect you to one of our knowledgeable representatives who will be able to assist you further. Please hold on for a moment while I connect you.",contact_human_agent
BL,I want assistance to contact an operator,CONTACT,contact_human_agent,"I see what you mean! I'm on the same page that you want assistance in contacting an operator. Rest assured, I'm here to guide you through the process. To get connected with an operator, please stay on the line while I transfer your call. In the meantime, if there's anything specific you'd like to address with the operator, please let me know. Your satisfaction is our top priority, and we're committed to resolving any concerns you may have.",contact_human_agent
BLQ,i want help to speak with a human agent,CONTACT,contact_human_agent,"Thanks for getting in touch! I grasp that you would like assistance in speaking with a human agent. I'm here to help you with that. Please allow me a moment to connect you with one of our dedicated representatives who will be able to assist you further. Just a little patience, and you'll be connected shortly. We appreciate your understanding and look forward to resolving your concerns.",contact_human_agent
BL,I don't know how to chat with an agent,CONTACT,contact_human_agent,"We're here for you! I'm aware that you're unsure about how to chat with an agent. Don't worry, I'm here to help! To chat with an agent, you can usually find a chat option on our website or in our mobile app. Look for a chat icon or a ""Chat with Us"" button. If you're having trouble finding it, please let me know and I'll guide you through the process step-by-step. Rest assured, we're committed to providing you with the assistance you need.",contact_human_agent
BL,I need to chat with an assistant,CONTACT,contact_human_agent,"We're listening! I'm keyed into the fact that you need to chat with an assistant. Our team of dedicated representatives is always ready to assist you. To connect with an assistant through our chat service, please visit our website at {{Website URL}} and look for the chat icon in the bottom corner. Simply click on it, and you will be connected with a live assistant who will be happy to help you with any questions or concerns you may have. We value your time and are committed to providing you with the best support experience.",contact_human_agent
BILW,can you direct to me a damn operator?,CONTACT,contact_human_agent,We're here for you! I'm aware that you are frustrated and would like to speak with an operator for assistance. I apologize for any inconvenience caused. Our team of dedicated operators is here to help you. Allow me to quickly connect you with an operator who will be able to address your concerns. Please hold on for a moment while I transfer you to a live agent who will provide the best possible assistance.,contact_human_agent
BCEL,"I do not understand you, help me chatting with someone",CONTACT,contact_human_agent,"Thank you for reaching out! I'm sorry if there seems to be a misunderstanding. I'm here to assist you and connect you with a human agent who can help clarify any confusion and answer any questions you may have. Just give me a moment to find the right representative for you. Your satisfaction is our priority, and we'll ensure that your concerns are addressed.",contact_human_agent
BEL,I do not know what I need to do to chat with someone,CONTACT,contact_human_agent,"Glad you contacted us! I'm clearly cognizant that you are uncertain about the steps to take in order to chat with someone. Rest assured, I'm here to guide you through the process.

To start a chat conversation with one of our representatives, you can go to our website and look for the chat support option. Usually, you'll find a chat bubble icon in the bottom corner of the website. Just click on it, and it will open a chat window where you can type your questions or concerns.

If you're unable to locate the chat option on our website, you can also try searching for the keywords ""chat support"" in the search bar of our website. This should direct you to the chat support page.

In case you still can't find the chat support option, please let me know, and I will provide you with more specific instructions. Your satisfaction is our top priority, and we want to ensure you receive the assistance you need.",contact_human_agent
BELQZ,i cannot talk with a operator,CONTACT,contact_human_agent,"Thank you for trusting us! I'm fully aware of you're having trouble connecting with an operator. I apologize for any inconvenience caused. To better assist you, may I know the reason why you're unable to talk with an operator? By understanding the specific issue, I can provide you with the appropriate solution or guide you through the necessary steps. Your feedback will help us improve our services and ensure you receive the assistance you need. Let me know, and together we'll resolve this.",contact_human_agent
BCILNPW,"I don't have a bloody user, could you help me to open one?",ACCOUNT,create_account,"I'm excited to assist you in creating a new user account! Rest assured, I'll guide you through the process step-by-step. To get started, could you please provide me with your full name, email address, and a username you would like to use? This information will be kept confidential and only used for the purpose of creating your user account. Let me know if you have any questions or if there's anything else I can assist you with.",create_account
BQZ,i need assistance to create a platinum accountt,ACCOUNT,create_account,"Unquestionably! I'm thrilled to assist you with creating your {{Account Category}} account. We have a streamlined process in place that will guide you through every step, ensuring a seamless experience. Could you please provide me with your full name, email address, and a preferred username? With this information, we can swiftly initiate the account creation process and provide you with all the benefits that come with our {{Account Category}} account. Rest assured, your security and privacy are our top priorities.",registration_problems
B,I want help creating a pro account,ACCOUNT,create_account,"That's fantastic to hear that you're interested in creating a {{Account Type}} account! Our {{Account Type}} account offers a wide range of advanced features and benefits tailored to meet your specific needs. To get started, I'll need a few details from you, such as your full name, email address, and contact number. Once I have this information, I'll guide you through the account creation process step by step, ensuring that you have a seamless experience. Feel free to ask any questions or share any concerns you may have along the way. Let's unlock the full potential of a {{Account Type}} account together!",registration_problems
BKL,opening platinum account,ACCOUNT,create_account,"Amazing! I'm thrilled to assist you in opening a platinum account with us. {{Account Category}} accounts come with a range of exclusive benefits and personalized support. To proceed, could you please provide me with your full name, email address, and a username of your choice? With these details, I'll guide you through the process step by step, ensuring that you have all the information you need to make the most of your platinum account. Rest assured, we prioritize the security and privacy of your information, so you can enjoy a worry-free experience with us. Let's get started on this exciting journey together!",registration_problems
BL,I want assistance to open a {{Account Type}} account for my fiance,ACCOUNT,create_account,"Thank you for choosing to open a {{Account Type}} account for your fiance! I'm here to guide you through the process seamlessly. To get started, could you please provide your fiance's full name, email address, and a preferred username? Once I have these details, I'll assist you step-by-step, ensuring you both have a smooth experience. I want to emphasize that privacy and security are of utmost importance to us. Rest assured that any personal information shared will be protected with the highest level of care.",registration_problems
BILW,can I create a different bloody {{Account Type}} account for my father?,ACCOUNT,create_account,"Thank you for considering creating a different {{Account Type}} account for your father. We appreciate your interest in our services and we are here to assist you. To proceed with the account creation process, I kindly request you to provide the necessary information like your father's full name, email address, and a preferred username. Once we have these details, we will guide you step-by-step through the process, ensuring that your father's account is set up smoothly. Rest assured, we prioritize the security and privacy of all our users' information. Feel {{Account Type}} to share any concerns or questions you may have along the way. How can I assist you further?",create_account
BL,question about opening a {{Account Type}} account,ACCOUNT,create_account,"I'm delighted to help answer your question about opening a {{Account Type}} account. Please feel free to ask anything you'd like to know, and I'll provide you with all the information and guidance you need. Whether it's about the benefits, eligibility criteria, or the application process, I'm here to assist you every step of the way. So go ahead, ask away!",registration_problems
BKLZ,create gold accountfor wife,ACCOUNT,create_account,"How wonderful! I applaud your decision to create a {{Account Type}} account for your wife. We're thrilled to have her join our exclusive community! To proceed with opening the account, may I kindly request the following details: your wife's full name, email address, and a preferred username? Once I have these particulars, I'll guide you seamlessly through the process, ensuring that your wife's account is set up smoothly. Rest assured, we prioritize the security and privacy of our users, and her information will be treated with the utmost care. Let's make this experience memorable for her!",registration_problems
BCILW,"I need a different bloody {{Account Type}} account, can you create it?",ACCOUNT,create_account,"Thank you for your request to create a different {{Account Type}} account with us! I'm here to assist you with that. Just to clarify, you mentioned that you would like a different account from the one you currently have, is that correct? Please provide me with the specific details of the account you would like to create, such as the account type or any specific features you're looking for. Once I have the necessary information, I'll proceed accordingly and ensure a smooth account creation process for you.",create_account
BL,assistance creating a platinum account,ACCOUNT,create_account,"I appreciate your interest in creating a {{Account Category}} account, and I'm here to provide you with all the assistance you need. To get started, could you please provide me with your full name, contact information, and any specific requirements or preferences you have for your {{Account Category}} account? By understanding your needs, I can ensure that I guide you through the process and present you with the best options available. Rest assured, your privacy and security are of utmost importance to us, and we will handle your information with the utmost care.",registration_problems
BIL,how can I cancel a freemium account?,ACCOUNT,delete_account,"Thank you for trusting regarding the cancellation of your freemium account. We understand that circumstances may change, and we want to assist you with this process. To cancel your freemium account, please follow these steps: 
1. Log in to your account on our website or app.
2. Go to the account settings or profile section.
3. Look for the option to manage your subscription or membership.
4. Locate the cancellation or delete account option.
5. Follow the on-screen prompts to confirm the cancellation. 
If you encounter any difficulties or have any questions along the way, please feel free to ask. We're here to help and ensure a seamless cancellation process for you.",cancel_order
BL,I don't know how I can close a {{Account Category}} account,ACCOUNT,delete_account,"We're here to help to us with your question about closing your {{Account Category}} account. I understand that you might be unsure about the process, and I'm here to help. Closing your {{Account Category}} account is a straightforward process that you can initiate through our website or by contacting our customer support team. Let me guide you through the steps to make sure you have a seamless experience. Firstly, please log in to your account on our website. Next, navigate to the account settings section, where you should find the option to close your account. If you encounter any difficulties or have any specific questions along the way, don't hesitate to ask. I'm here to provide support and ensure you can close your {{Account Category}} account successfully.",delete_account
BLQ,i want help to cancel the platinum account,ACCOUNT,delete_account,"We appreciate your inquiry about canceling your {{Account Category}} account. I understand that you need assistance with this process, and I'm here to help. Could you please provide me with some additional details about your account so that I can guide you through the cancellation procedure effectively? Rest assured, I am committed to ensuring a smooth experience for you and addressing all your concerns.",cancel_order
BL,I need assistance deleting a {{Account Category}} account,ACCOUNT,delete_account,"Happy to get your message about deleting your {{Account Category}} account. I understand that you need assistance with this process, and I'm here to help. To ensure a smooth account cancellation, I kindly request you to provide me with some specific details regarding your account. This may include your account username, email address, or any other relevant information that will help us locate and proceed with the deletion request. Rest assured that your privacy and data protection are of utmost importance to us, and we will handle your request with care and confidentiality. Please feel free to share the necessary information, and together, we'll make sure your {{Account Category}} account is successfully deleted.",delete_account
BL,problem with the cancellation of a {{Account Category}} account,ACCOUNT,delete_account,"Thank you for bringing up the issue regarding the cancellation of your {{Account Category}} account. I understand that you are facing difficulties with this process, and I'm here to assist you. Could you please provide more details on the specific problem you encountered? By identifying the exact issue, I'll be able to guide you through the cancellation process and ensure a seamless experience for you. Remember, I'm here to help and support you every step of the way.",cancel_order
BIL,is it possible to delete my freemium account?,ACCOUNT,delete_account,"Thank you for your message about deleting your freemium account. I understand that you're looking for assistance in removing your account, and I'm here to help. To initiate the account deletion process, please provide me with the necessary details such as your account username or email address associated with the account. Once I receive this information, I will proceed with the necessary actions and guide you through the account closure procedure. Rest assured, I am committed to ensuring a smooth and hassle-free experience for you.",delete_account
BL,I have a problem with the deletion of my {{Account Category}} account,ACCOUNT,delete_account,"Thank you for reaching out about the deletion of your {{Account Category}} account. I understand that you are facing an issue, and I apologize for any inconvenience this may have caused. I'm here to assist you in resolving this matter promptly. Could you please provide me with more details about the problem you are encountering? This will help me better understand the situation and guide you towards a solution. Remember, we are committed to ensuring a seamless experience for you, and we appreciate your patience as we work to address your concern.",delete_account
BL,help me canceling the {{Account Category}} account,ACCOUNT,delete_account,"Glad you got in touch to us for assistance with canceling your {{Account Category}} account. I understand that you would like to terminate your account, and I'm here to guide you through the process. To cancel your account, please follow these steps: 

1. Log in to your account on our website/app.
2. Go to the account settings or profile section.
3. Look for the ""Cancel Account"" or ""Terminate Account"" option.
4. Click on that option and follow any additional prompts or instructions provided.
5. Confirm the cancellation and submit the request.

Please note that canceling your {{Account Category}} account will result in the loss of all the benefits and features associated with it. If you have any remaining questions or need further assistance during this process, please feel free to let me know.",cancel_order
BIL,how can I find information about a {{Account Type}} account termination?,ACCOUNT,delete_account,"We're here to help regarding the termination of your {{Account Type}} account. I completely understand the importance of finding the necessary information to proceed with the cancellation process. To provide you with accurate and detailed instructions, could you please provide me with your account details or any specific concerns you have about terminating your {{Account Type}} account? With this information, I will be able to guide you step-by-step and ensure a smooth termination process.",check_refund_policy
BLQ,need help deleting my {{Account Category}} account,ACCOUNT,delete_account,"We're here for you to us regarding the deletion of your {{Account Category}} account. I understand that you need assistance with this process, and I'm here to help. To ensure a smooth experience, could you please provide some additional information about your account? This will allow me to guide you through the deletion process efficiently. Remember, we prioritize your satisfaction, and we'll work together to address any concerns you may have.",delete_account
BLM,I am calling to see what shipping methods I have,DELIVERY,delivery_options,"Thank you for your call, and I'm more than happy to provide you with the details of our shipping methods. Here are the options available for you:

1. Standard Shipping: This method typically takes {{Date Range}} business days and is suitable for non-urgent deliveries.
2. Expedited Shipping: If you're looking for a faster option, we offer expedited shipping, which ensures delivery within {{Date Range}} business days.
3. Overnight Shipping: For urgent needs, our overnight shipping guarantees next business day delivery.
4. In-Store Pickup: If you prefer to collect your order personally, you can choose the convenient option of in-store pickup at one of our {{Store Location}}.

These options offer flexibility to meet your specific needs. If you have any further questions or need assistance with anything else, please feel free to ask. It's my pleasure to assist you!",delivery_options
BL,seeing the available options for shipping,DELIVERY,delivery_options,"I'm happy to help! I'm here to guide you through the exciting world of shipping options. Let's take a peek at the available choices:

1. Standard Shipping: This reliable option typically arrives within {{Date Range}} business days, perfect for non-urgent items.
2. Expedited Shipping: If time is of the essence, this faster option will have your items delivered in {{Date Range}} business days.
3. Overnight Shipping: For those urgent needs, rest assured that your items will arrive on the next business day.
4. In-Store Pickup: If convenience and personal interaction are your things, you can visit one of our {{Store Location}} to collect your items directly.

Remember, the actual delivery time may vary depending on the location and other factors. If you have any further questions or if there's anything else I can assist you with, please don't hesitate to ask. Your satisfaction is our utmost priority!",change_shipping_address
BILMP,would it be possible to see what shipping methods are there?,DELIVERY,delivery_options,"I'll get right on it! I would be delighted to provide you with a comprehensive overview of our shipping methods. Here are the options available for you:

1. Standard Shipping: This is our most common option, taking an average of {{Date Range}} business days for delivery. It is ideal for non-urgent items.
2. Expedited Shipping: If you need your items a bit faster, this option ensures delivery within {{Date Range}} business days.
3. Overnight Shipping: For those urgent needs, overnight shipping guarantees delivery by the next business day.
4. In-Store Pickup: If you prefer a more personal touch, you can conveniently pick up your items at one of our {{Store Location}}.

Remember, the delivery times mentioned are estimates and may vary based on location and other factors. If you have any specific questions or if there's anything else I can assist you with, please feel free to let me know. Your satisfaction is our top priority!",delivery_options
BILMQ,can ya help me to see what shipment options i can choose,DELIVERY,delivery_options,"Positively! I'm here to assist you in exploring the shipment options available to you. Let's dive into the delivery menu:

1. Standard Shipping: This is our default shipping method and typically arrives within {{Date Range}} business days. It's perfect for non-urgent items.
2. Expedited Shipping: If you need your items faster, this option ensures delivery in {{Date Range}} business days.
3. Express Shipping: For those who want their items quickly, this option delivers within {{Date Range}} business days.
4. Same-day Delivery: Need your item within hours? This option guarantees delivery on the same business day.
5. In-Store Pickup: If you prefer to pick up your items personally, you can choose this option at checkout.

These options may vary depending on your location and the availability of our shipping partners. If you have any specific concerns or if there's anything else I can assist with, please feel free to ask. We're here to make your shopping experience as smooth as possible!",delivery_options
BL,I want assistance seeing the methods for shipment,DELIVERY,delivery_options,"Assuredly! I'm here to guide you through our available shipment methods. Let's dive in:

1. Standard Shipping: This option usually takes {{Date Range}} business days and is perfect for non-urgent items.
2. Expedited Shipping: If you need your items sooner, we offer expedited shipping that will get them to you in {{Date Range}} business days.
3. Overnight Shipping: For urgent needs, we have overnight shipping, ensuring next business day delivery.
4. In-Store Pickup: If you prefer a more hands-on approach, you can select in-store pickup at one of our {{Store Location}}.

These options are designed to provide flexibility and cater to your specific needs. The exact delivery times may vary based on factors like location and product availability. Feel free to ask any questions or share your preferences, and I'll be more than happy to assist you further!""",check_payment_methods
BILMP,could you help me see what methods for delivery are there?,DELIVERY,delivery_options,"Assuredly! I'm thrilled to guide you in finding the available delivery methods. At our company, we offer a diverse range of shipment options to cater to different needs. Let's take a closer look:

1. Standard Shipping: This is the most common method, and it typically arrives within {{Date Range}} business days. It's ideal for non-urgent items when you're not in a rush.

2. Expedited Shipping: If you need your items a bit faster, our expedited shipping option is perfect. It ensures delivery in {{Date Range}} business days, ensuring a quicker arrival.

3. Overnight Shipping: For those urgent needs or last-minute surprises, we offer overnight shipping. With this option, your package will reach you on the next business day.

4. In-Store Pickup: We also provide an in-store pickup option if you'd prefer to grab your items yourself. You can select this option if you're near one of our {{Store Location}}.

Please keep in mind that the exact delivery time may vary based on your location and other factors. If you have any specific concerns or if there's anything else I can assist you with, please feel free to let me know. We're here to ensure your satisfaction and a seamless delivery experience!",delivery_options
BILW,can I check the damn delivery methods?,DELIVERY,delivery_options,"Oh, the excitement of exploring our delivery methods! Absolutely, let me guide you through the various options we offer for shipping our products. Here's a comprehensive list of our delivery methods:

1. Standard Shipping: The reliable choice that typically arrives within {{Date Range}} business days.
2. Expedited Shipping: Get your items delivered faster, usually within {{Date Range}} business days.
3. Overnight Shipping: For those urgent needs, ensuring next business day delivery.
4. In-Store Pickup: If you prefer a more hands-on approach, you can pick up your items personally at one of our {{Store Location}}.

These options are tailored to suit your needs and provide you with a seamless delivery experience. If you have any more questions or require further assistance, please feel free to ask.",delivery_options
BCLM,"I have got to check what shipment methods I have, help me",DELIVERY,delivery_options,"I'm happy to help! I can help you with that. Let's explore the range of shipment methods available to you:

1. Standard Shipping: This option typically takes {{Date Range}} business days for delivery, ideal for non-urgent items.
2. Expedited Shipping: If you're in a bit of a hurry, this method ensures your items arrive within {{Date Range}} business days.
3. Overnight Shipping: For urgent needs, choose this option to receive your items by the next business day.
4. In-Store Pickup: If you prefer a more hands-on experience, visit one of our {{Store Location}} to collect your items personally.

These are the primary shipment methods we offer. Please keep in mind that delivery times may vary depending on your location and other factors. If you have any specific questions or need further assistance, feel free to let me know. I'm here to ensure your satisfaction!""",delivery_options
BILQ,where to check the options for shipment,DELIVERY,delivery_options,"Ah, the search for shipment options begins! To explore the available shipping options, you can follow these simple steps:

1. Visit our website at {{Website URL}}.
2. Navigate to the ""Shipping"" or ""Delivery"" section.
3. Once you're on the shipping page, you'll find detailed information about all the available shipment options.

If you prefer a more personalized approach or need assistance navigating the website, feel free to reach out to our customer support team. They are available {{Customer Support Hours}} at {{Customer Support Phone Number}} or through the Live Chat on our website. They can guide you step by step and answer any questions you may have.

Remember, we're just a click or call away, ready to provide support during your journey to find the perfect shipping option.",delivery_options
BCIL,"I want to see the shipping methods, how do I do it?",DELIVERY,delivery_options,"Ah, I see you're eager to explore our shipping methods! To view the available shipping options, simply follow these steps:

1. Visit our website at {{Website URL}}.
2. Navigate to the product you're interested in purchasing.
3. On the product page, you'll find a section titled ""Shipping Options"" or ""Delivery Methods.""
4. Click on that section to expand it and reveal the various shipping methods we offer.

Once you've expanded the shipping options, you'll be able to see all the available methods, along with their estimated delivery times and any additional charges that may apply.

Remember, our website is designed to be user-friendly, so you'll easily find the information you're looking for. And if you encounter any difficulties or have specific questions about the shipping methods, our friendly customer support team is just a click away to assist you.

Happy exploring and finding the perfect shipping method for your needs!",delivery_options
BL,I am trying to see when will my item arrive,DELIVERY,delivery_period,"We completely understand your desire to know when your item will arrive. To provide you with an accurate estimate, could you please provide us with the {{Tracking Number}} or {{Order Number}}? With this information, we will be able to provide you with the specific delivery date. Thank you for your patience and cooperation.",track_order
BILZ,where can I get information about shipping periods ?,DELIVERY,delivery_period,"We understand your desire to gather information about shipping periods. To access detailed information about the shipping periods for your package, you can visit our website and navigate to the ""Shipping Information"" page. On this page, you will find comprehensive details about our shipping policies, estimated delivery times, and any other relevant information. If you have any specific questions or concerns, our customer support team is available to assist you. Just reach out to them through our website's Live Chat or by calling our customer support hotline. We're here to help!",delivery_period
BLQ,need help to see how long it takes for my parcel to arrive,DELIVERY,delivery_period,"We understand your anticipation in wanting to determine the estimated arrival time of your parcel. To provide you with accurate information, could you please provide us with the {{Tracking Number}} or {{Order Number}}? Once we have these details, we can promptly assist you in tracking the progress and estimated delivery date of your parcel. Your patience is greatly appreciated!",track_order
BELQ,i do not know what to do to see how long the shipping takes,DELIVERY,delivery_period,"We appreciate your inquiry about determining the duration of the shipping process. To provide you with accurate information, could you please provide us with the {{Tracking Number}} or {{Order Number}} associated with your shipment? With this information, we can give you an estimated delivery timeframe. Your patience is greatly appreciated as we work together to resolve your query.",track_order
BL,I am trying to see how soon can I expect my shipment,DELIVERY,delivery_period,"Understanding your eagerness to receive your shipment, we can assist you with tracking its estimated arrival time. Could you please provide us with the {{Tracking Number}} or {{Order Number}}? With that information, we will be able to provide you with an accurate estimate of when you can expect your shipment. Your patience is greatly appreciated.",track_order
BL,help seeing how soon can I expect my product,DELIVERY,delivery_period,"We understand your eagerness to know when you can expect your product to arrive. To provide you with an estimated delivery timeline, could you please provide us with the {{Order Number}} or {{Tracking Number}}? With this information, we can track your shipment and provide you with the most accurate information regarding its delivery. Thank you for your patience and understanding as we assist you in resolving your query.",track_order
BL,assistance checking when my purchase is going to arrive,DELIVERY,delivery_period,"We understand your eagerness to track your purchase and find out when it will arrive. To provide you with an accurate update, could you please provide the {{Order Number}} or {{Tracking Number}} of your purchase? With that information, we can check the logistics and timeline of your order, ensuring you receive it as soon as possible. Your patience is greatly appreciated as we assist you with this. How has your overall experience been with us so far?",track_order
BILZ,how do I see how long it takes for  the item to arrive?,DELIVERY,delivery_period,"We understand your curiosity about the estimated arrival time of your item. To check the delivery period, you can visit our website and navigate to the tracking or order status page. There, you'll be able to enter your {{Order Number}} or {{Tracking Number}} to access the most up-to-date information on the whereabouts of your package and the expected delivery date. If you encounter any difficulties or need further assistance, our customer support team is available to help you. We want to ensure that you have a seamless shopping experience and are well-informed about the shipping details of your order.",track_order
BLQ,wanna check how long it takes for my package to arrive,DELIVERY,delivery_period,"We completely understand your curiosity about the estimated arrival time of your package. Could you please provide us with the {{Tracking Number}} or {{Order Number}}? Once we have that information, we will be able to provide you with accurate details regarding your package's expected delivery date. Your patience and cooperation are greatly appreciated.",track_order
BLQ,need assistance checking how soon can I expect the shipment,DELIVERY,delivery_period,"We understand your eagerness to track the progress of your shipment and estimate its arrival time. To provide you with accurate information, could you please provide us with the {{Tracking Number}} or {{Order Number}}? With this information, we'll be able to give you an estimated delivery date. Your patience is greatly appreciated!",track_order
BCILPW,"I want to update the damn user data, how could I do it?",ACCOUNT,edit_account,"I truly appreciate your determination to update your user data.I'm here to assist you in achieving your goal. To update your user data, you can log in to your account on our website or mobile app and navigate to the settings or profile section. From there, you should be able to make the necessary changes to your user data. If you encounter any difficulties or have specific questions, please don't hesitate to reach out to our dedicated support team. They will be more than happy to guide you through the process and provide any assistance you may need. Remember, your satisfaction is our top priority, and we're here to make this experience as seamless as possible for you.",change_shipping_address
BKLZ,editing informaqtion on {{Account Type}} account,ACCOUNT,edit_account,"What an exhilarating journey it is to embark on the task of editing the information on your esteemed {{Account Type}} account!I'm here to provide you with the necessary guidance and support to ensure a smooth and seamless experience. Your {{Account Type}} account holds tremendous value, and I completely understand your desire to make changes. Let's work together to update the information in a way that aligns perfectly with your needs and preferences. Could you please specify the exact details you would like to modify? You have the power to shape your account, and I'm here to make it happen.",set_up_shipping_address
BKLQZ,modifying info on freemium accoumt,ACCOUNT,edit_account,"I appreciate your eagerness to modify the details on your freemium account. We're here to guide you through the process step by step. To ensure the security of your account, it's important not to share any personal information here. For any changes related to sensitive data, I recommend accessing your account through our secure platform or contacting our dedicated customer support team for personalized assistance. Could you please let us know which specific information you would like to modify on your freemium account?",change_order
BKLQZ,modifying info on gold accoumt,ACCOUNT,edit_account,"How exciting it is to see your enthusiasm for modifying the information on your {{Account Type}} account!I'm here to guide you through this process and ensure that everything goes smoothly. To protect your personal information, I kindly ask you not to share any sensitive details here. Instead, I recommend securely logging into {{Online Company Portal Info}} or reaching out to our dedicated customer support team for personalized assistance. What specific details would you like to update on your {{Account Type}} account? Let's make sure everything is up to date and tailored to your needs.",change_shipping_address
BKL,correct data on pro account,ACCOUNT,edit_account,"How incredible it is to witness your determination in correcting the data on your {{Account Type}} account!I'm here to guide you through this process and ensure a seamless experience. To correct the data on your {{Account Type}} account, I recommend logging in to your account on our {{Online Company Portal Info}}. There, you'll find options to update your information, such as personal details, contact information, or billing preferences. Alternatively, our dedicated customer support team is available to provide personalized assistance if you encounter any difficulties. Remember, your satisfaction is our top priority, and I'm here to support you every step of the way. Let's get started on enhancing your {{Account Type}} account together!",registration_problems
BKL,modify data on {{Account Category}} account,ACCOUNT,edit_account,"I truly appreciate your enthusiasm for modifying the data on your {{Account Category}} account. It shows your commitment to personalizing your experience with us. To ensure we provide you with the most accurate and secure assistance, could you please provide some more specific details about the data you would like to modify? This will allow us to guide you through the process smoothly and efficiently.",change_order
BKLZ,modify pro accunt,ACCOUNT,edit_account,"We sincerely appreciate your dedication to enhancing and modifying your pro account. Your commitment to optimizing your experience demonstrates your proactive approach towards achieving your goals. To assist you with the modifications, please provide more details on the specific changes or updates you would like to make. Our team is here to guide you through the process and ensure that your pro account reflects your needs and preferences. Let us know how we can make your pro account even more tailored to your requirements.",registration_problems
BKLZ,pudate {{Account Category}} account,ACCOUNT,edit_account,How inspiring it is to witness your determination to update your {{Account Category}} account!I'm here to guide you through the process and ensure a seamless and satisfactory experience. Let's dive in and make the necessary changes together! Can you please specify which details you would like to update on your {{Account Category}} account?,registration_problems
BILMQ,how to correct some of the details on my user profile,ACCOUNT,edit_account,"What an incredible endeavor you're embarking on, aiming to correct the details on your user profile!I'm here to guide you through this process and ensure a smooth and seamless experience. To correct the details on your user profile, you can follow these simple steps:

1. Log in to your account on our website or mobile app.
2. Navigate to your account settings or profile page.
3. Look for the section where you can edit your personal information.
4. Click on the relevant fields to make the necessary corrections.
5. Double-check your changes for accuracy and completeness.
6. Save or update your profile to apply the changes.

If you encounter any issues or need further assistance, our dedicated customer support team is always available to help you. Simply reach out to them via [customer support phone number or email]. We're committed to ensuring that your user profile reflects the correct and up-to-date information. Let me know if you have any other questions or if there's anything else I can assist you with.",change_shipping_address
BKLQ,modifying info on gold account,ACCOUNT,edit_account,"How truly extraordinary it is to see your eagerness to modify the information on your esteemed gold account!I'm here to provide you with exceptional assistance throughout this process. Your gold account is a valuable asset, and I understand the importance of keeping it up-to-date. Could you please let me know which specific details you would like to modify? I'm here to ensure a seamless experience as you personalize your account to meet your evolving needs and preferences.",change_shipping_address
BL,I don't know how to download my invoice #37777,INVOICE,get_invoice,"I acknowledge that you're having trouble downloading your invoice with number #{{Invoice Number}}. No worries, I'm here to help you out. To download your invoice, please follow these steps: 
1. Log in to your account on our website.
2. Navigate to the ""Invoices"" section.
3. Find the invoice labeled with the number #{{Invoice Number}}.
4. Click on the ""Download"" button next to the invoice.
If you encounter any difficulties or have further questions, feel free to let me know. I'll be glad to assist you.",check_invoice
BLMQZ,i have to get my invoicxes from {{Person Name}},INVOICE,get_invoice,"I hear you loud and clear your situation regarding the need to retrieve your invoices from {{Salutation}} {{Client Last Name}}. Let me assist you with that. Could you please provide me with the specific invoice numbers or any additional details that may help me locate the invoices? Once you provide me with the necessary information, I will promptly retrieve the invoices for you.",check_invoice
BCLQW,i have to get my damn invoice from {{Person Name}} i need help,INVOICE,get_invoice,"I truly understand your frustration and urgency in needing to access your invoice from {{Salutation}} {{Client Last Name}}. Rest assured, I'm here to assist you. Let me quickly retrieve the invoice for you. In the meantime, if you have any other questions or concerns, please don't hesitate to let me know. Your satisfaction is my top priority.",check_invoice
BILQ,how to get my bill #85632,INVOICE,get_invoice,"Definitely! I completely understand your request to retrieve your bill with number #{{Invoice Number}}. Let me guide you through the process step by step. To access your bill, please follow these instructions:

1. Log in to your account on our website.
2. Navigate to the ""Billing"" or ""Invoices"" section.
3. Look for the option to view or download your invoices.
4. Enter the invoice number, which is #{{Invoice Number}}, in the search bar, if applicable.
5. Click on the invoice with the corresponding number to open it.
6. You should now be able to view and download your bill as a PDF file.

If you encounter any difficulties or have further questions, please don't hesitate to let me know. I'm here to assist you every step of the way.",check_invoice
BLQZ,i need asssistance getting my bill #37777,INVOICE,get_invoice,"I certainly recognize your request to retrieve your bill with the number #{{Invoice Number}}. Give me a moment, and I'll promptly assist you with that. By the way, if you have any other questions or concerns, feel free to let me know. I'm here to help!",check_invoice
BKM,get invoice from nine months ago,INVOICE,get_invoice,"I understand your request to retrieve an invoice from nine months ago. Let me check if we have access to invoices from that time period. Please bear with me as I gather the necessary information. If there is anything else I can assist you with while I retrieve the invoice, please let me know.",check_invoice
BLW,I need to get my goddamn invoice from {{Person Name}},INVOICE,get_invoice,"I'll get right on it! I understand your urgency in needing to access the invoice from {{Salutation}} {{Client Last Name}}. Give me just a moment to retrieve it for you. While I do that, could you please verify some additional information to ensure the accuracy of the invoice? Specifically, I would need the date or any other reference numbers associated with the invoice. Your cooperation is greatly appreciated, and I'll be right back with the invoice you need.",check_invoice
BLQ,I'm trying to download invoice #85632,INVOICE,get_invoice,"Sure! I completely understand your need to download invoice #{{Invoice Number}}. Let me assist you with that right away. Please bear with me for a moment while I retrieve the invoice for you. In the meantime, if you have any other questions or if there's anything else I can help you with, please feel free to let me know. Your satisfaction is my priority!",check_invoice
BEL,I do not know how to download my invoice from {{Person Name}},INVOICE,get_invoice,"I catch on to the fact that you need assistance with downloading your invoice from {{Salutation}} {{Client Last Name}}. Let me guide you on how to do that. First, you'll need to log in to your account on our website. Once you're logged in, navigate to the ""Billing"" or ""Invoices"" section. There, you should see a list of your invoices, including the one from {{Person Name}}. To download it, simply click on the download button or icon next to the invoice. If you have any trouble or need further assistance, feel free to reach out.",check_invoice
BI,what do I have to do to get the invoice from {{Person Name}}?,INVOICE,get_invoice,"I understand your need to access the invoice from {{Salutation}} {{Client Last Name}}. To obtain the invoice, please follow these steps:

1. Log in to your account on our website.
2. Navigate to the ""Invoices"" or ""Billing"" section.
3. Look for the option to view or download invoices.
4. Enter the necessary details, such as the client name or invoice number, to locate the specific invoice.
5. Once you find the invoice, click on the appropriate link to download it.

If you encounter any difficulties or need further assistance, please don't hesitate to reach out. We're here to help you every step of the way!",check_invoice
BILMP,would it be possible to obtain compensations of money?,REFUND,get_refund,"I've been informed that you're inquiring about the possibility of obtaining compensations for your money. Our company values customer satisfaction and is committed to addressing any concerns you may have. To better assist you, could you please provide more details about the situation in which you are seeking compensation? Once I have a clear understanding of your specific case, I can provide you with the most accurate information regarding the possibility of obtaining a compensation for your money. Rest assured, we will do our best to find a suitable resolution for you.",check_cancellation_fee
BLQZ,i dont know what to do to reqquest my money back,REFUND,get_refund,"I can tell that you're unsure about the steps to take in order to request a refund of your money. Rest assured, I'm here to guide you through the process. To begin, it's important to gather all the necessary information related to your purchase, such as the order number, date of purchase, and the reason for the refund. Once you have this information ready, you can contact our customer support team either through our website or by calling our dedicated helpline. They will guide you through the specific refund procedure and assist you in submitting your request. Remember, I'm here to help at every step of the way, so don't hesitate to reach out if you have any further questions or need additional support.",check_refund_policy
BELM,I do not know what to do to receive rebates of my money,REFUND,get_refund,"I certainly recognize your confusion about how to receive rebates for your money. It can be frustrating when you're unsure about the necessary steps to take. Rest assured, I'm here to guide you through the process to ensure you receive the rebates you're entitled to. To get started, could you please provide me with some more information about the specific situation? This will enable me to offer you tailored advice and assist you effectively. Remember, you're not alone in this, and with our collaborative effort, we'll work towards getting you the rebates you deserve.",check_refund_policy
BILMQ,how do i demand refunds of my money,REFUND,get_refund,"I understand your concern and the need to demand refunds for your money. It can be frustrating when you are not satisfied with a purchase or service. To initiate the refund process, I recommend reaching out to the customer support team of the company or organization from which you made the purchase. They will be able to assist you with the necessary steps and provide guidance on their refund policy. It's important to provide them with all the relevant details of your transaction, such as the purchase date, the amount paid, and any supporting documentation you may have. By following their instructions and cooperating with the process, you increase the chances of a successful refund. Additionally, if you have any specific questions or concerns during the refund process, feel free to ask the customer support team for clarification. They are there to assist you and ensure a satisfactory resolution.",UNPARSEABLE
BLM,I am trying to ask for rebates,REFUND,get_refund,"I've grasped that you're trying to ask for rebates, and I'm here to provide the guidance you need. Requesting rebates can be a straightforward process, but it's important to ensure that you present your case effectively. To start, gather all the necessary documentation, such as receipts, invoices, or proof of purchase. This will help support your claim and increase your chances of success. Next, contact the customer support team or the relevant department responsible for handling rebate requests. Clearly explain the reason for your request, providing all the required details. It's crucial to be polite, patient, and persistent during this process. Remember, our goal is to provide you with a satisfactory resolution, and I'll be with you every step of the way to ensure a positive outcome.",UNPARSEABLE
BLQZ,i want assistance requesting a compnesation of my money,REFUND,get_refund,"I've realized that you're seeking assistance in requesting compensation for your money. I'm here to help you through the process and ensure that you receive the support you need. To better assist you, could you please provide me with more details regarding the situation? This will allow me to guide you in the most appropriate way possible and ensure that your request for compensation is effectively communicated. Rest assured, I will do my best to address your concerns and work towards a satisfactory resolution.",UNPARSEABLE
BCELMV,"I have paid {{Currency Symbol}}{{Refund Amount}} for this item, help me to obtain a rebate",REFUND,get_refund,"I understand your frustration and concern regarding the purchase of the item for ${{Refund Amount}}. Obtaining a rebate is an important step in addressing this issue. To initiate the rebate process, I recommend reaching out to our customer support team. They will guide you through the required steps and assist you in obtaining the rebate you are entitled to. You can contact our customer support team at {{Customer Support Phone Number}} or through the Live Chat on our website at {{Website URL}}. Rest assured, we are committed to resolving this issue and ensuring your satisfaction.",check_refund_policy
B,I don't know how I can get a refund of money,REFUND,get_refund,"I realized that you're unsure about the process of getting a refund for your money. Don't worry, I'm here to help you with that. To initiate a refund, you typically need to follow a few steps. First, gather any relevant information about your purchase, such as the order number, date of purchase, and payment details. Then, reach out to the customer support team or the specific department responsible for refunds. They will guide you through the necessary steps and may ask for additional information to process your request. Remember, it's always a good idea to keep a record of all communication and any relevant documents related to your purchase. By following these steps and providing the information requested, you should be able to proceed with your refund and receive your money back. If you need any further assistance or have specific questions about your situation, please let me know, and I'll be glad to help you further.",check_refund_policy
BILMQ,can ya help me obtaining restitutions of my money,REFUND,get_refund,"I'm happy to help! I completely understand your request for assistance in obtaining a refund for your money. I want to assure you that I am here to support you throughout this process. To begin, could you please provide me with some more details about the purchase or transaction you would like to request a refund for? This information will allow me to better assist you in initiating the necessary steps and ensuring a smooth resolution. Rest assured, I am committed to helping you get the restitution you deserve and will guide you every step of the way.",check_refund_policy
BLQ,i try to demand a rebate,REFUND,get_refund,"I appreciate that you're trying to demand a rebate. It can be frustrating when you feel the need to advocate for yourself and assert your rights as a customer. Rest assured, I'm here to support you in this process. To assist you further, could you please provide some more details about the situation? Understanding the specifics will enable me to offer relevant guidance and help you present your case effectively. Remember, your satisfaction is our priority, and I'm committed to working towards a resolution that meets your expectations.",UNPARSEABLE
BLW,I have got to subscribe to the fucking newsletter,SUBSCRIPTION,newsletter_subscription,"That's great to hear that you want to subscribe to our newsletter! We appreciate your enthusiasm and interest. To get you signed up quickly, could you please provide me with your email address? Rest assured, we hold our customers' privacy in the highest regard, and we will treat your information with the utmost confidentiality.",newsletter_subscription
BIQZ,how to cancel the subscriptipn to ur company newsletter,SUBSCRIPTION,newsletter_subscription,"I'll take care of it! I understand that you may want to unsubscribe from our company newsletter. To cancel your subscription, you can simply click on the ""unsubscribe"" link provided at the bottom of any newsletter email you receive from us. Alternatively, you can also reach out to our customer support team, and they will be more than happy to assist you with the cancellation process. We want to ensure that you have full control over the content you receive, and we respect your decision to unsubscribe. Let me know if there's anything else I can assist you with.",complaint
BL,I don't know what to do to sign up to your newsletter,SUBSCRIPTION,newsletter_subscription,"No worries! I'm here to guide you through the process of signing up for our newsletter. To get started, please visit our website and navigate to the subscription section. You'll usually find it in the footer or on the homepage. Once you locate it, you can enter your email address and click the ""Subscribe"" button. By doing so, you'll join our community and receive all the latest news, updates, and exclusive offers delivered right to your inbox. If you encounter any difficulties or have any additional questions along the way, feel free to let me know, and I'll be more than happy to assist you further.",registration_problems
BL,I want to know about signing up to your company newsletter,SUBSCRIPTION,newsletter_subscription,"Fantastic! I'm thrilled to hear that you're interested in signing up for our company newsletter. It's a wonderful way to stay informed about all the latest updates, promotions, and exciting news. To subscribe, simply visit our website and navigate to the newsletter section. You'll find a sign-up form where you can enter your email address and choose your preferences. We value your privacy, so rest assured that your information will be handled securely and in accordance with our strict privacy policies. By subscribing, you'll be part of our vibrant community and receive exclusive content tailored just for you. If you have any questions or need further assistance, please don't hesitate to let me know. Happy reading!",registration_problems
BLQ,information about receiving ur company newsletter,SUBSCRIPTION,newsletter_subscription,"I'll get right on it! I'd be glad to provide you with the information you need about receiving our company newsletter. Subscribing to our newsletter is a great way to stay updated on the latest news, promotions, and updates from our company. To subscribe, you can visit our website and look for the newsletter signup form. Simply enter your email address and click the subscribe button. You can also find the newsletter subscription option on our social media platforms, where you can follow the link to sign up. Once subscribed, you will start receiving our newsletters directly to your inbox. We value your interest in our company and appreciate your decision to join our newsletter community. Should you have any further questions or need assistance with the subscription process, please don't hesitate to let me know.",newsletter_subscription
BEL,I do not know how to receive the corporate newsletter,SUBSCRIPTION,newsletter_subscription,"I've realized you're unsure about how to receive the corporate newsletter. Don't worry, I'm here to guide you through the process. To subscribe to our newsletter, you can visit our website and look for the subscription form. Usually, it's located on the homepage or in the footer section. Simply enter your email address and select the newsletter subscription option. Alternatively, you can reach out to our customer support team, and they will be more than happy to assist you with the subscription. Let me know if you need further assistance or have any other questions!",newsletter_subscription
BK,company newsletter subscription,SUBSCRIPTION,newsletter_subscription,"Thank you for expressing your interest in subscribing to our company newsletter! Our newsletter is a fantastic way to stay informed about our latest news, updates, promotions, and valuable content. To initiate your subscription, could you please provide me with your email address? This way, I can ensure that you receive our newsletter directly in your inbox and don't miss out on any exciting information. Rest assured, we prioritize the privacy and security of your personal information.",newsletter_subscription
BLZ,I need to receive thecorporate newsletter,SUBSCRIPTION,newsletter_subscription,"We understand how important it is for you to receive our corporate newsletter. It's a fantastic way to stay informed about the latest updates, promotions, and valuable insights from our company. To subscribe, simply provide us with your email address and we'll ensure you receive our newsletter promptly. Rest assured, your privacy is of utmost importance to us. Feel free to share your email address with complete confidence.",newsletter_subscription
BILP,could you help me subscribing to the company newsletter?,SUBSCRIPTION,newsletter_subscription,"Unquestionably! I'm thrilled that you're interested in subscribing to our company newsletter. I'd be more than happy to help you with that. To get started, could you please provide me with your email address? This way, I can ensure that you receive our exciting updates and exclusive offers directly in your inbox. Rest assured, we value your privacy and will handle your information with utmost care.",newsletter_subscription
BLQZ,i need help cancelling mny company newsletter subscription,SUBSCRIPTION,newsletter_subscription,"I understood that you're seeking assistance with canceling your company newsletter subscription. I apologize for any inconvenience this may have caused. To proceed with the cancellation, I'll require some specific details from you. Could you please provide me with your full name and email address? This information will help me locate your subscription and process the cancellation swiftly. Rest assured, we respect your decision and will promptly remove you from our mailing list. Thank you for giving us the opportunity to assist you with this matter.",complaint
BLW,assistance to solve a fucking payment error,PAYMENT,payment_issue,"We understand that you're frustrated with the payment error you're facing, and we apologize for any inconvenience caused. Rest assured, we're here to assist you in resolving this issue as quickly as possible. To provide you with appropriate assistance, please provide us with more details about the error you encountered during the payment process. Your feedback is crucial, and we'll work closely together to find a solution and ensure a smooth payment experience for you. Thank you for bringing this to our attention.",payment_issue
BILMQZ,can ya help me informing  of problems with online payment,PAYMENT,payment_issue,"I'm sorry to hear that you're experiencing problems with your online payment. I'm here to assist you in resolving this issue and providing you with the necessary information. To better assist you, could you please provide me with more specific details about the problem you're facing? This will help us understand the issue better and guide you towards an effective solution. Thank you for bringing this to our attention, and rest assured, we'll work together to address the problem and ensure a smooth payment process for you.",payment_issue
BLM,help reporting troubles with online payments,PAYMENT,payment_issue,"I appreciate you reaching out to us for support in reporting troubles with your online payments. We understand that encountering payment issues can be frustrating, but rest assured, we're here to assist you every step of the way. To provide accurate and prompt assistance, could you please provide some additional details about the specific troubles you're facing? By sharing this information, we can take the necessary steps to address the issue and ensure that your payments process smoothly in the future. Thank you for your cooperation and for giving us the opportunity to resolve this matter for you.",payment_issue
BMZ,help me to  report issues with payment,PAYMENT,payment_issue,"Absolutely! I'm here to assist you in reporting any issues you're facing with your payment. Your feedback is crucial in helping us understand and resolve the problem. To provide accurate assistance, could you please provide more specific details about the payment issues you're encountering? The more information you can provide, the better equipped we'll be to address the problem effectively. Thank you for reaching out to us, and rest assured, we'll work together to resolve this payment issue swiftly.",payment_issue
BLQ,i dont know how to inform of a payment error,PAYMENT,payment_issue,"I'm picking up what you're putting down, your uncertainty about how to inform us of a payment error. Don't worry, I'm here to guide you through the process step by step. To report a payment error, you can reach out to our customer support team through live chat on our website at {{Website URL}} or by calling our customer support hotline at {{Customer Support Phone Number}}. They will assist you in providing the necessary details and help resolve the issue as quickly as possible. We appreciate your proactive approach in reaching out to us, and we're committed to addressing your concerns promptly.",payment_issue
BL,I want assistance to inform of an error with online payment,PAYMENT,payment_issue,"We appreciate you reaching out to us for assistance with the error you encountered during the online payment process. Our team is dedicated to resolving this issue promptly and providing you with a seamless experience. To better assist you, could you please provide some specific details about the error? This will help us understand the situation better and find the most suitable solution for you. Your cooperation is highly valued, and we are committed to ensuring your satisfaction throughout this process. Thank you for bringing this matter to our attention.",payment_issue
BLM,I want help reporting payment problems,PAYMENT,payment_issue,"I realized that you're seeking assistance in reporting payment problems. Rest assured, you've come to the right place. To help us address your concerns effectively, could you please provide more details about the specific issues you're encountering with your payment? This will enable us to investigate and resolve the problems swiftly. Thank you for reaching out to us, and we appreciate your cooperation in providing the necessary information. Together, we'll work towards a successful resolution.",payment_issue
BCLMQ,i cant pay i need help reporting problems with payments,PAYMENT,payment_issue,"I'm sorry to hear that you're facing difficulties with making payments and need assistance in reporting the problems. Rest assured, I'm here to help you through this process. To provide you with the most accurate guidance, could you please provide more information about the specific problems you're encountering? Your input is crucial, and by sharing the details, you enable us to address the issue more effectively. Thank you for reaching out, and know that we are committed to resolving the problems with your payments.",payment_issue
BLM,help to notify of an issue with payments,PAYMENT,payment_issue,"I'm here to assist you with notifying us about the issue you're experiencing with payments. It's important to us that you have a seamless payment process, and we apologize for any inconvenience caused. Please provide me with more details about the specific issue you're facing, such as the error message you encountered or any other relevant information. Your feedback will help us investigate the problem and find a quick and effective solution. Thank you for bringing this to our attention, and we'll work together to resolve it.",payment_issue
BL,help to report a payment error,PAYMENT,payment_issue,"Thank you for reaching out to report a payment error. We appreciate your diligence in notifying us about this issue. To assist you further, could you please provide some specific details regarding the error you encountered? This information will be crucial in investigating and resolving the problem effectively. We value your feedback and are committed to ensuring a seamless payment experience for you.",payment_issue
BELMZ,I do not know what to do to earn several of yoru item,ORDER,place_order,"I appreciate your interest in earning several of our items, but I believe there might be a slight misunderstanding. To clarify, if you would like to purchase several of our items, I'm here to guide you through the ordering process. Could you please let me know which specific items you are interested in? Once I have more details, I'll provide you with the necessary steps to complete your purchase. Let's work together to make sure you can enjoy the items you desire!",place_order
BELMQ,i do not know what i need to do to purchase several products,ORDER,place_order,"I'm conscious of the reality that purchasing several products can sometimes seem overwhelming, especially if you're unsure about the steps involved. No worries, I'm here to guide you through the process and make it as straightforward as possible. To get started, let's break it down into three simple steps:

1. Browse and select: Take your time to explore our wide range of products and find the ones that catch your interest. You can navigate through different categories, use search filters, or check out our featured collections to discover the items you want.

2. Add to cart: Once you've found the products you'd like to purchase, simply click on the ""Add to Cart"" button next to each item. This will add them to your virtual shopping cart, and you can continue browsing for more products if needed.

3. Check out and complete the purchase: When you've finished selecting all the products you want, click on the ""Cart"" or ""Checkout"" button to review your order. Make sure to double-check the quantities, sizes, or any other specifications before proceeding to payment. Once you're satisfied, follow the prompts to enter your delivery address, select a shipping method, and provide the necessary payment details to finalize your purchase.

If at any point during the process you need assistance or have any questions, don't hesitate to reach out to our customer support. We're here to help you have a seamless experience and ensure that your shopping journey is enjoyable. Happy shopping and thank you for choosing us!""",place_order
BLM,help me to earn some of your article,ORDER,place_order,"We're here for you to us with your interest in earning some of our articles. While our focus is primarily on offering products for purchase, we may have certain opportunities available for individuals to earn our articles through collaborations or partnerships. It would be helpful to know more about your specific interests and background to provide you with more tailored information. Can you please share more details about how you would like to earn our articles?",UNPARSEABLE
BL,I want help to purchase something,ORDER,place_order,I'm thrilled that you're looking for assistance with your purchase! Our team is here to guide you and ensure your buying experience is seamless and satisfying. Could you please provide some details about the item you wish to purchase? This will help us understand your needs better and provide you with tailored recommendations.,place_order
BLMQZ,i want help to shop some producgs,ORDER,place_order,"Happy to get your message to us! I appreciate your interest in shopping for some products. I'm here to assist you in finding and purchasing the items you need. To start, could you please provide me with more details about the specific products you're looking for? This information will help me better understand your requirements and guide you through the shopping process.",place_order
BLM,buy some articles,ORDER,place_order,"Thank you for considering purchasing articles from us! I'm excited to assist you in finding the perfect items for your needs. Could you please provide me with more details about the specific articles you are looking to buy? That way, I can ensure that I provide you with accurate information and the best possible assistance throughout the purchasing process.",place_order
BLM,I want help to purchase some items,ORDER,place_order,"Thank you for reaching out to us for assistance with purchasing items. I'm here to make the process as smooth and enjoyable as possible. Please provide me with the details of the items you wish to purchase, including any specific preferences or requirements you might have. With this information, I'll be able to offer you personalized recommendations and guide you through the entire purchase journey. Let's get started on finding the perfect items for you!",place_order
BILM,where do I buy several products?,ORDER,place_order,"Thank you for considering purchasing several products from us! I'm here to guide you on where to make your purchase. Our products are available for purchase on our official website at {{Website URL}}. Simply visit our website, browse through our wide range of products, and add the items you want to your cart. Once you have selected all the products you wish to purchase, proceed to the checkout page and follow the instructions to complete your order. If you encounter any issues or have any further questions, please don't hesitate to reach out to our customer support team, available {{Customer Support Hours}}, at {{Customer Support Phone Number}} or through the Live Chat on our website. Happy shopping!",place_order
BLM,help to purchase several of your item,ORDER,place_order,"Thank you for your interest in purchasing several of our items! I'm here to assist you every step of the way in placing your order. To ensure a seamless experience, could you please provide me with more details about the specific items you would like to purchase? Once I have that information, I can guide you through the process and help make your purchase as smooth and rewarding as possible.",place_order
BILPQW,could uhelp me purchase a goddamn item,ORDER,place_order,"Thank you for your interest in purchasing one of our items! I'm here to provide you with the assistance you need. If you could kindly provide some details about the specific item you would like to purchase, such as the name or any other relevant information, I can guide you through the process and make sure you have a seamless and satisfying shopping experience.",place_order
BILQ,can uhelp me retrieving my account pin,ACCOUNT,recover_password,"I'm happy to help! I completely understand your need to retrieve your account PIN. Your account security is of utmost importance to us. Here's how you can retrieve your account PIN:

1. Please go to the ""{{Account Recovery}}"" page on our website.
2. On the account recovery page, you will find the option to retrieve your account PIN.
3. Click on the ""{{Retrieve Account PIN}}"" button and follow the instructions provided.
4. If you face any difficulties during the process, please feel free to reach out to our support team, available {{Customer Support Hours}}, who will be more than happy to assist you further.

Rest assured, we are here to guide you throughout the account PIN retrieval process. Your account security is our priority, and we will ensure that you regain access to your account in no time.",registration_problems
BLQZ,helpme resetting the pass of my profile,ACCOUNT,recover_password,"I'll get right on it! I understand the urgency of resetting the password for your profile. Let's work together to get this resolved quickly and efficiently. Here's what you need to do:

1. Head over to our platform's ""{{Login Page URL}}"".
2. Look for the ""{{Forgot Password}}"" option and click on it.
3. When prompted, provide the email address associated with your profile.
4. Keep an eye on your email inbox, including the spam or junk folders, as you should receive a comprehensive email with instructions on how to reset your password.
5. Follow the steps outlined in the email carefully to set up a new secure password for your profile.

If you encounter any difficulties during this process or if you have any concerns, please don't hesitate to reach out to me. I'm here to support you and ensure a seamless experience throughout.",recover_password
BL,I want help to recover the PIN of my user profile,ACCOUNT,recover_password,"I grasp that you are in need of assistance to recover the PIN of your user profile. Losing access to your PIN can be quite frustrating, but don't worry, I'm here to help you through this process. Here's what you can do:

1. Start by accessing the ""{{Account Recovery}}"" page on our platform.
2. Once you're on the account recovery page, you'll find several options to recover your PIN. Choose the ""{{Forgot PIN}}"" or ""{{Reset PIN}}"" option.
3. Follow the step-by-step instructions provided on the page to verify your identity and reset your PIN.
4. In case you're unable to recover your PIN through the online process, I recommend reaching out to our customer support team. They are trained to assist you further and can provide personalized guidance based on your account details.

Remember, I'm just a message away if you need any further assistance. We're here to ensure that you regain access to your user profile as quickly as possible.",recover_password
BIL,how can I retrieve the PIN of my profile?,ACCOUNT,recover_password,"Sure thing! I'm here to lend a helping hand in retrieving the PIN for your profile.

To retrieve your PIN, follow these simple steps:

1. Head to the login page of our platform.
2. Look for the option that says ""Forgot PIN"" and click on it.
3. You will be prompted to verify your identity through various means, such as answering security questions or providing additional information.
4. Once your identity is verified, you will receive an email or SMS with instructions to reset your PIN.
5. Follow the instructions provided in the email or SMS to create a new PIN for your profile.

Remember, if you encounter any difficulties or have any further questions, don't hesitate to reach out. We're here to guide you every step of the way!",check_payment_methods
BIL,can you help me to recover my PIN code?,ACCOUNT,recover_password,"Sure, I'd be more than happy to help you recover your PIN code. 

To get started, please provide me with the necessary information, such as your account details or any other relevant information related to your account. This will assist me in locating your account and initiating the PIN code recovery process.

Rest assured that your privacy and security are our utmost priority. We will guide you step by step through the process and ensure that your PIN code is successfully recovered.

Feel free to share any concerns or questions you may have. We're here to support you along the way, and collectively, we will find a solution to restore your PIN code access.",recover_password
BLQ,assistance to reset the pin of my account,ACCOUNT,recover_password,"I'll do my best! I understand the importance of resetting the PIN for your account. Let's work together to get it resolved. Here are the steps you need to follow:

1. First, log in to your account on our platform.
2. Navigate to the account settings or security settings section.
3. Look for the option to change or reset your PIN.
4. Follow the instructions provided to complete the PIN reset process.
5. If you encounter any difficulties or have any questions along the way, don't hesitate to reach out to our customer support team for further assistance.

Remember, we're here to support you throughout this process. Feel free to ask for help whenever you need it!",recover_password
BL,find information about the lost access key,ACCOUNT,recover_password,"I'm on it! I completely understand your need to find information about the lost access key. Losing access to your key can be frustrating, but rest assured, I'm here to assist you. To get started, please provide me with some details about your account so that we can retrieve the necessary information and help you regain access. It would be helpful if you could provide your username or registered email address associated with your account. With this information, we can begin the process of locating your lost access key and guide you on the steps to recover it securely.",complaint
BLQ,want help to recover my user profile password,ACCOUNT,recover_password,"I'm here for you, ready to assist you in recovering your user profile password. Let's start this journey together, step by step!

1. Begin by visiting our platform's login page.
2. Look for the ""Forgot Password"" option and click on it.
3. Enter the email address associated with your user profile.
4. You should receive an email with detailed instructions on how to reset your password. If you don't see it in your inbox, please check your spam or junk folder.
5. Follow the instructions in the email to create a new and secure password for your user profile.

If you encounter any difficulties or have any questions along the way, don't hesitate to reach out to me. I'm here to guide you through the process and ensure that you regain access to your user profile.",recover_password
BLQ,i dont know how i can recover my account access key,ACCOUNT,recover_password,"I've come to understand that you are uncertain about the process of recovering your account access key. Rest assured, I am here to guide you through it. To begin the journey of regaining your access key, please follow these steps:

1. Log in to your account using your username and current password.
2. Once logged in, navigate to the account settings or security settings section.
3. Look for an option related to account recovery or access key management.
4. Click on that option and you should see the steps to recover or reset your access key.
5. If necessary, you may need to verify your identity using additional information or security measures.
6. Follow the instructions provided to complete the account access key recovery process.

Remember, should you encounter any difficulties or have further questions, feel free to reach out to our dedicated customer support team. They are available {{Customer Support Hours}} at {{Customer Support Phone Number}} or through the Live Chat on our website at {{Website URL}}. We are here to assist you every step of the way to ensure you regain control of your account.",recover_password
BILP,could I retrieve my user account password?,ACCOUNT,recover_password,"Positively! I completely understand your need to retrieve your user account password. Rest assured, I'm here to guide you through the process:

1. First, head over to the ""{{Login Page URL}}"" of our platform.
2. Look for the ""{{Forgot Password}}"" option and click on it.
3. You'll be prompted to provide the email address associated with your user account.
4. Once you've entered your email, keep an eye on your inbox, including the spam or junk folders.
5. In a short while, you should receive an email with detailed instructions on how to retrieve your user account password.
6. Follow the instructions provided in the email to regain access to your account.

If you encounter any difficulties during this process or if the email doesn't arrive within a reasonable time, don't hesitate to reach out. Our dedicated support team is ready to assist you every step of the way!""",recover_password
BLQZ,i want assistance reporfting an error with signup,ACCOUNT,registration_problems,"Thank you for getting in touch to us regarding the error you encountered during the signup process. We understand how important it is for you to have a smooth experience, and we apologize for any inconvenience caused. To assist you better, could you please provide some specific details about the error you are facing? This will enable us to investigate and resolve the issue promptly. We appreciate your patience and cooperation in helping us improve our service.",registration_problems
BLZ,I am tryign to inform of an error with a registration,ACCOUNT,registration_problems,"I'm glad you contacted us to us to inform us about the error you encountered during the registration process. We understand that encountering errors can be frustrating, and we appreciate your patience and effort in bringing it to our attention. Could you please provide us with more details about the error you experienced? This will help us investigate and resolve the issue for you as quickly as possible. If you have any screenshots or error messages related to the registration error, please feel free to share them with us. Rest assured, we are committed to ensuring a smooth and seamless registration experience for you. Your feedback is invaluable to us, and we appreciate your active participation in improving our services. Together, we will work towards resolving this registration error.",registration_problems
BELQZ,i od not know what i need to do to report a sign-up issue,ACCOUNT,registration_problems,"We understand your uncertainty about the process to report a sign-up issue. Rest assured, we're here to assist you. To report a sign-up issue, you can reach out to our customer support team by email, phone, or through our website's live chat. Our support team is readily available to listen to your concerns and provide you with the necessary guidance. Alternatively, you can also refer to our FAQ section, where you may find answers to common sign-up issues. We value your feedback and will do everything we can to ensure a swift resolution to the issue you've encountered.",registration_problems
BLMQZ,I'm  trying to notify of errors with registrations,ACCOUNT,registration_problems,"Thank you for bringing this issue to our attention. We apologize for any inconvenience you may have experienced during the registration process. It is important to us that you have a smooth and successful registration experience. To report errors with registrations, please provide us with more specific details about the errors you encountered. This will allow us to investigate and address the issues promptly. Your feedback is greatly appreciated as it helps us improve our services and ensure a seamless registration process for all our users.",registration_problems
BLMQZ,i try to niform of issues with a signup,ACCOUNT,registration_problems,"We appreciate your effort in notifying us about the issues you encountered during the signup process. Your proactive approach is commendable, and it allows us to promptly address any problems. To ensure that your concerns are properly documented and resolved, we kindly request you to provide us with detailed information regarding the specific issues you experienced. The more specific information you can provide, the better equipped we will be to assist you and ensure a seamless signup experience. Thank you for your collaboration, and we look forward to resolving this matter for you.",registration_problems
BLM,I want to inform of problems with sign-up,ACCOUNT,registration_problems,"Thank you for your message to us and informing us about the problems you encountered during the sign-up process. We understand the frustration that can arise when faced with difficulties during registration. Your feedback is crucial in helping us improve our system and provide a seamless experience for all our users. Could you please provide more details about the specific issues you encountered? This will allow us to investigate the problem thoroughly and offer you the best possible solution. Rest assured, we value your input and are committed to resolving any registration problems you may have faced.",registration_problems
BLM,I don't know how I can notify of issues with a registration,ACCOUNT,registration_problems,"We understand that you may be unsure of the process for notifying us about any issues you encountered during the registration. No worries, we're here to help! To report any registration problems or issues, you can reach out to our dedicated customer support team through our website, email, or phone. They will guide you through the necessary steps to notify us about the issues you are experiencing. Rest assured, we will do our best to assist you and resolve any problems you may have encountered during the registration process. Thank you for bringing this to our attention, and we appreciate your patience and cooperation.",registration_problems
BLZ,I don't know what to do to notify of an sisue with sign-up,ACCOUNT,registration_problems,"We understand that you may be unsure about how to report an issue with the sign-up process. Rest assured, we are here to assist you every step of the way. To notify us about the issue you encountered during sign-up, you can reach out to our dedicated customer support team through various channels. You can contact us via email at support@example.com, call our toll-free hotline at {{Customer Support Phone Number}}, or chat with us live on our website at example.com. Whichever channel you choose, we will ensure that we receive your report and provide a solution to the sign-up issue you're facing. Your feedback is valuable to us, and we appreciate you taking the time to notify us of the problem. Together, we will work towards resolving the issue and ensuring a smoother sign-up experience for you and other users.",registration_problems
BILQ,can ya help me notifying of an issue with a sign-up,ACCOUNT,registration_problems,"We appreciate your proactive approach in notifying us about the issue you encountered during the sign-up process. Your active involvement enables us to enhance our services and provide a seamless experience to all our users. Kindly share more details about the problem you're facing, and we'll work diligently to resolve it as quickly as possible. Thank you for your cooperation and contribution to improving our platform.",registration_problems
BKL,error opening user profile,ACCOUNT,registration_problems,"Thank you for bringing the error you encountered while trying to open your user profile to our attention. We understand how frustrating it can be when technical issues hinder your progress. Rest assured, we are fully committed to resolving this issue for you. To better understand the situation and assist you effectively, could you please provide us with more details about the error message or any specific steps you took before encountering this problem? We appreciate your cooperation in helping us identify and fix the issue as quickly as possible.",check_invoice
BL,I want to leave feedback for a product,FEEDBACK,review,Thank you for expressing your desire to provide feedback for one of our products! Your input is immensely valuable to us as it helps us understand our customers' experiences and enables us to continually improve our offerings. Could you please let me know the specific product you would like to leave feedback for? I'm here to guide you through the process and ensure that your feedback reaches the appropriate team.,review
BILQZ,is it possible to write a review about ur rpoducts,FEEDBACK,review,"I'll get right on it! We value your feedback and encourage you to share your thoughts and experiences by writing a review about our products. Your review will not only help us understand your experience better but also assist other customers in making informed decisions. If you need any assistance or have any questions while writing the review, please don't hesitate to let me know. I'm here to help you every step of the way!",review
BIL,how can I write a comment?,FEEDBACK,review,"Your desire to write a comment is greatly appreciated! We have a simple process in place to make it convenient for you. To write a comment, you can visit our website and navigate to the feedback section. There, you will find a form where you can share your thoughts, suggestions, or any other comments you would like to convey. Alternatively, you can reach out to our customer support team who will be more than happy to help you with the comment-writing process. Please let me know if there's anything else I can assist you with!",place_order
BL,help me writing a review for a service,FEEDBACK,review,"Thank you for reaching out! I would be more than happy to assist you in writing a review for our service. Your opinion matters to us and sharing your experience will not only help us enhance our service but also guide potential customers in making informed decisions. Please provide me with some specific details about your experience with our service, such as what stood out to you, any challenges you faced, and how our service has positively impacted you. By understanding your unique perspective, I can help you craft a comprehensive and impactful review.",review
BILQ,uhave a method to submit feedback for ur services,FEEDBACK,review,"I'll take care of it! We appreciate your interest in providing feedback about our services. Your opinion is highly valued and plays a significant role in helping us improve. To submit your feedback, you can visit our website and navigate to the ""Feedback"" section. There, you will find a form where you can share your thoughts, suggestions, or any concerns you may have. Alternatively, you can also reach out to our customer support team through email or phone, and they will be more than happy to assist you in submitting your feedback. We look forward to hearing from you and thank you once again for your valuable input!",UNPARSEABLE
BLQ,want assistance to submit feedback about ur products,FEEDBACK,review,"Thank you for expressing your interest in providing feedback about our products! We greatly value your insights as they help us understand how our products are meeting your needs and where we can make improvements. To submit your feedback, you can visit our website and navigate to the ""Contact Us"" page, where you will find a form dedicated to receiving customer feedback. Alternatively, you can reach out to our customer service team, and they will be more than happy to assist you in submitting your feedback. We appreciate your valuable input and look forward to hearing from you!",complaint
BIL,do you have a way to leave a review for your services?,FEEDBACK,review,"Assuredly! We absolutely value your opinion and the opportunity to receive your feedback on our services. Leaving a review is a great way for us to understand your experience and continue enhancing our offerings. To leave a review, you can visit our website and navigate to the ""Reviews"" or ""Feedback"" section. There, you'll find a form where you can share your thoughts, rate your experience, and provide any suggestions or comments you might have. We highly encourage you to take a few moments to share your feedback as it helps us better serve you and all our valued customers. Thank you so much in advance for your valuable input!",review
BCIL,"I need to leave some feedback, can I get some help?",FEEDBACK,review,I'm happy to help! We appreciate your willingness to provide feedback. Your insights are invaluable to us in our continuous efforts to enhance our services. I'll be more than happy to assist you in the feedback submission process. Please let me know if you have any specific questions or if there's anything I can do to guide you through the process.,review
BL,I have to send my feedback for a product,FEEDBACK,review,Sure thing! Your feedback regarding our product is highly valued as it allows us to serve you better. I'm here to guide you through the process of submitting your feedback. Could you please let me know which specific product you would like to provide feedback on? This will help me assist you more effectively.,review
BLZ,help me tro leave feedback for your services,FEEDBACK,review,"Unquestionably! I'm here to assist you in leaving feedback for our services. Your feedback is incredibly important to us as it helps us understand what we're doing well and where we can make improvements. To leave your feedback, you can visit our website and navigate to the ""Contact Us"" page or send an email to our dedicated feedback team at feedback@company.com. We appreciate your valuable input and look forward to hearing from you!",review
BLZ,trouble submitting anther shipping address,SHIPPING,set_up_shipping_address,"I've realized that you're facing difficulties while submitting another shipping address. I apologize for any inconvenience caused. To resolve this issue, let's try the following steps:

1. Go to your account settings or profile section.
2. Look for the option to manage your shipping addresses.
3. Delete any existing shipping addresses that you no longer need.
4. Add a new shipping address by providing the necessary details, such as street address, city, state, and ZIP code.
5. Double-check the information you entered to ensure its accuracy.
6. Save the changes.

If you continue to experience problems, please provide more specific details about the issues you're encountering, such as error messages or unexpected behaviors. This will help us investigate further and provide you with personalized assistance. Your satisfaction is our top priority, and we are committed to resolving this matter for you as quickly as possible.",change_shipping_address
BCIL,"I need to set up the new delivery address, how to do it?",SHIPPING,set_up_shipping_address,"I catch on to the fact that you need guidance on setting up a new delivery address. Let me assist you with the process:

1. Begin by logging in to your account.
2. Navigate to the ""My Account"" or ""Profile"" section.
3. Look for the option labeled ""Shipping Addresses"" or something similar.
4. Within that section, you should find an option to ""Add a New Address"" or ""Edit Shipping Addresses"". Click on it.
5. Fill in all the required fields with the details of your new delivery address, such as your name, address, city, state, ZIP code, and contact information.
6. Double-check the entered information for accuracy.
7. Once you are satisfied, save the changes.

If you encounter any difficulties during the process or if there are any additional steps specific to our platform, please provide more details, and I'll be here to assist you further.""",change_shipping_address
BQ,need help setting another shipping address up,SHIPPING,set_up_shipping_address,"I acknowledge that you need assistance with setting up another shipping address. I'm here to guide you through the process and ensure a smooth experience. Please follow these steps:

1. Log in to your account.
2. Navigate to the 'My Account' or 'Profile' section.
3. Look for the 'Shipping Addresses' or similar section.
4. There should be an option to 'Add a New Address' or 'Edit Shipping Addresses'. Select it.
5. Fill in the details of your new shipping address in the appropriate fields.
6. Save the changes.

If you encounter any issues or if the process is different for you, please provide more information so that I can assist you further. Your satisfaction is my top priority.",change_shipping_address
BL,trouble setting up my secondary shipping address,SHIPPING,set_up_shipping_address,"I'm sorry to hear that you're facing trouble while setting up your secondary shipping address. I completely understand how important it is to have accurate and complete shipping details. 

To address this issue, let's go through the following steps:

1. Log in to your account and navigate to your profile or account settings.
2. Look for the section related to shipping addresses.
3. Within that section, you should see an option to add a new address or edit existing addresses.
4. Click on that option and enter the details of your secondary shipping address.
5. Double-check that all the information is correct and save your changes.

If you're still encountering difficulties or if the process looks different for you, please provide more details about where you're getting stuck, and I'll be here to assist you further. Your satisfaction with our service is my top priority, and I'm committed to resolving this issue for you.",change_shipping_address
BLZ,I need to set my new delivery addrwss up,SHIPPING,set_up_shipping_address,"I grasp the importance of setting up your new delivery address, and I'm here to assist you with this process. Follow these steps to ensure a smooth setup:

1. Log in to your account on our website.
2. Navigate to the ""My Account"" or ""Profile"" section.
3. Look for the ""Shipping Addresses"" or similar option.
4. On the shipping addresses page, you should see an option to ""Add New Address"" or ""Edit Shipping Addresses"". Select it.
5. Enter the details of your new delivery address in the provided fields, ensuring accuracy and completeness.
6. Save the changes to finalize the setup of your new delivery address.

If you encounter any difficulties or have additional questions about the process, don't hesitate to let me know. I'm here to provide the assistance you need.",change_shipping_address
BIL,where to set up another delivery address?,SHIPPING,set_up_shipping_address,"Sure thing! I'd be more than happy to guide you through the process of setting up another delivery address. To do so, please follow these steps:

1. Log in to your account.
2. Navigate to the 'My Account' or 'Profile' section.
3. Look for the 'Shipping Addresses' or similar option.
4. Once you find it, select 'Add a New Address' or 'Edit Shipping Addresses'.
5. Fill in the necessary details for your new delivery address, such as the recipient's name, address, and contact information.
6. Double-check the information for accuracy.
7. Save the changes, and voila! Your new delivery address should now be set up.

If you encounter any difficulties or if the process differs on your end, please let me know, and I'll be more than happy to assist you further.""",change_shipping_address
BLM,errors setting up a different shipping address,SHIPPING,set_up_shipping_address,"I'm sorry to hear that you're experiencing errors while setting up a different shipping address. I understand how important it is to have accurate and reliable information for your deliveries. Let's work together to resolve this issue.

To troubleshoot the errors, there are a few steps we can take:

1. Double-check the information: Make sure you have entered all the necessary details correctly, such as the street name, zip code, and city. Sometimes a small typo can lead to errors.

2. Clear cache and cookies: If you're using an online platform or website to set up the address, try clearing your browser's cache and cookies. This can often resolve any temporary issues or conflicts that may be causing errors.

3. Contact customer support: If the errors persist, reach out to our dedicated customer support team. They have the expertise and tools to assist you further with troubleshooting and finding a solution tailored to your specific situation. You can reach them through our {{Live Chat Support}}, and they'll be happy to assist you.

Remember, we are here to support you every step of the way. Let's work together to ensure your different shipping address is set up smoothly and without any errors.",change_shipping_address
BLZ,I can't submit my delivery dadress,SHIPPING,set_up_shipping_address,"I understood, you're having trouble submitting your delivery address, and I'm here to assist you in resolving this issue. To help you troubleshoot, please try the following steps:

1. Double-check that all the required fields for the delivery address are filled out correctly, including the street name, city, state, and zip code.
2. Ensure that there are no special characters or symbols in any of the address fields, as this can cause submission errors.
3. Try using a different web browser or clearing the cache and cookies of your current browser to rule out any browser-related issues.
4. If you're using a mobile device, switch to a desktop or laptop computer to see if the issue persists.
5. If you're still unable to submit your delivery address after trying these steps, please reach out to our customer support team at {{Customer Support Phone Number}} or through live chat on our website at {{Website URL}}. They will be more than happy to assist you further in resolving this matter.

I apologize for any inconvenience this may have caused, and thank you for your patience as we work toward a solution. Your satisfaction is our top priority.",change_shipping_address
BK,set up new shipping address,SHIPPING,set_up_shipping_address,"I appreciate your need to set up a new shipping address, and I'm ready to help you with the process. Here's a step-by-step guide to assist you:

1. Begin by logging into your account on our website or app.
2. Navigate to the ""My Account"" or ""Profile"" section.
3. Look for the ""Shipping Addresses"" or similar tab.
4. Within the shipping addresses section, select the option to ""Add New"" or ""Add Shipping Address"".
5. Fill in the required fields with accurate information for your new shipping address, including the recipient's name, street address, city, state, ZIP code, and any additional details requested.
6. Verify that all the information is correct, and then save the changes.

If you encounter any difficulties or if the process varies on our platform, please provide more specific details about the issues you're facing. I'm here to make sure you can successfully set up your new shipping address for a seamless delivery experience.",change_shipping_address
BLQ,i need assistance to set up the new delivery address,SHIPPING,set_up_shipping_address,"Certainly, I'm here to assist you in setting up your new delivery address. Let's work together to make this process seamless. Here are the steps to follow:

1. Log in to your account on our website.
2. Navigate to the ""Profile"" or ""My Account"" section.
3. Look for the ""Shipping Addresses"" or similar option.
4. Select the ""Add a New Address"" or ""Edit Shipping Addresses"" option.
5. Fill in the required details for your new delivery address, such as the street, city, state, and zip code.
6. Double-check the entered information for accuracy.
7. Save the changes.

If you encounter any issues or need further guidance at any step, please don't hesitate to reach out. I'm here to ensure a smooth experience for you while setting up your new delivery address.",change_shipping_address
BIL,how to use the gold profile?,ACCOUNT,switch_account,"I'm on it! I'm here to help you make the most out of your {{Account Type}} profile. Let's go through the steps together:

1. Access Your Account: Start by logging in to our platform.
2. Menu Navigation: Once you're in, navigate to your '{{Settings}}' or '{{Profile}}' section.
3. Profile Settings: Within these sections, you'll find a tab labeled '{{Account Type}}' or '{{Profile Type}}'. Click on it.
4. {{Account Type}} Profile Selection: Look for the '{{Account Type}}' option. This is the tier you want to pick.
5. Enhanced Experience: After selecting the {{Account Type}} profile, you'll unlock a range of premium features and benefits.

If you encounter any issues or have further questions, please don't hesitate to reach out. I'm here to ensure your transition to the {{Account Type}} profile is seamless and enjoyable. Get ready to experience the perks and advantages that come with it!",change_shipping_address
BILQ,how to use the {{Account Type}} profile,ACCOUNT,switch_account,"Certainly! I appreciate your interest in utilizing our esteemed {{Account Type}} profile. Allow me to guide you on how to make the most of it:

1. Access Your Account: The first step is to log into our platform using your credentials.
2. Navigate to Profile Settings: Once logged in, look for a section labeled ""{{Profile Settings}}"" or ""{{Settings}}"".
3. Locate Account Type: Within the Profile or Account Settings, find the option that mentions ""{{Account Type}}"" or ""{{Membership Type}}"".
4. Choose {{Account Type}} Profile: From the list of available account types, select the option that says ""{{Profile Type}}"" or ""{{{{Account Type}} Membership}}"".
5. Enjoy the Benefits: After selecting the {{Account Type}} profile, you will gain access to a range of exclusive features and benefits.

Should you encounter any challenges or have additional queries, please don't hesitate to let me know. I'm here to ensure your experience with the {{Account Type}} profile exceeds your expectations. Enjoy the exceptional privileges that come with it!",change_order
BLQ,i want help to use the {{Account Type}} profile,ACCOUNT,switch_account,"I'm on it! I'm here to provide you with guidance on maximizing the features of our {{Account Type}} profile:

1. Access Your Account: Start by logging into our platform using your credentials.
2. Profile Navigation: Within your account, navigate to the '{{Settings}}' or '{{Profile}}' section.
3. Account Type: Look for an option labeled '{{Account Change}}' or '{{Upgrade Account}}'.
4. Downgrade to Free: From the available options, select the '{{Profile Type}}' to switch back to the {{Account Type}} account.
5. Confirmation: Follow the prompts provided to complete the process.

Should you encounter any obstacles or have further questions, feel {{Account Type}} to reach out to me. It's my utmost priority to ensure that you have a seamless experience while utilizing our {{Account Type}} profile. Enjoy the benefits it offers!""",registration_problems
BILQ,what do i need to do to change to the pro account,ACCOUNT,switch_account,"Great! You're interested in upgrading to our {{Account Type}} account. Let's make the transition smooth and fulfilling for you:

1. **Account Access:** Begin by logging into your existing account.
2. **Account Management:** Once logged in, navigate to your '{{Settings}}' or '{{Profile}}' section.
3. **Upgrade Option:** Look for an option labeled '{{Upgrade Account}}' or '{{Account Change}}' within the settings.
4. **Choose {{Account Type}}:** Select the '{{Account Type}}' option from the list.
5. **Finalize the Upgrade:** Follow the prompts provided on the screen to complete the upgrade process.

If you encounter any issues or have additional questions, please don't hesitate to reach out. Your upgrade to the {{Account Type}} account is an exciting step, and I'm here to ensure a smooth transition. Enjoy the enhanced features and benefits that come with the {{Account Type}} account!",change_order
BK,using {{Account Category}} account,ACCOUNT,switch_account,"Certainly! I'm thrilled to help you make the most of our {{Account Category}} account:

1. Access Your Account: Begin by logging into our platform.
2. Profile Management: Once inside, proceed to your '{{Settings}}' or '{{Profile}}' section.
3. Account Type: Look for an option labeled '{{Account Type}}' or '{{Account Change}}'.
4. {{Account Category}} Selection: Choose the '{{Account Type}}' option from the list.
5. Finalize the Switch: Follow the prompts provided to complete the transition.

If you have any questions or need further assistance, feel free to reach out. I admire your decision to explore our {{Account Category}} account and I'm here to ensure you have a wonderful experience. Enjoy the benefits that come with it!""",registration_problems
BK,using {{Account Type}} account,ACCOUNT,switch_account,"Thank you for your interest in using the {{Account Type}} account! I'm here to assist you with the process of switching to this esteemed account type:

1. Access Your Account: Start by logging into our platform using your credentials.
2. Account Settings: Once you're inside, navigate to your account settings or profile section.
3. Upgrade Option: Look for an option labeled ""Upgrade"" or ""Switch Account Type.""
4. Select {{Account Type}} Account: Choose the ""{{Account Type}} Account"" option from the available choices.
5. Follow Prompts: Follow the prompts provided on the screen to complete the switch.

If you encounter any difficulties or have further questions, please don't hesitate to reach out. We appreciate your interest in upgrading to the {{Account Type}} account, and we are committed to ensuring a smooth transition for you. Enjoy all the exclusive perks and benefits that come with the {{Account Type}} account!",registration_problems
BCQZ,wanna use theFreemium account i need help,ACCOUNT,switch_account,"Sure! I'm thrilled to support you in exploring the benefits of our cutting-edge {{Account Category}} account:

1. Explore Our Platform: Begin by signing in to our user-friendly platform.
2. Navigate to Account Settings: Once you're logged in, head over to the '{{Settings}}' section.
3. Access Upgrade Options: Within the Account Settings, look for the option labeled 'Switch Account Type' or 'Upgrade'.
4. Select {{Account Category}}: Choose the '{{Account Type}}' from the available options.
5. Complete the Transition: Follow the on-screen prompts to finalize the switch to the {{Account Category}} Account.

If you encounter any challenges or have additional questions, please don't hesitate to reach out. I'm here to ensure a smooth transition and provide any assistance you may need. Enjoy your experience with our exceptional {{Account Category}} account!""",UNPARSEABLE
BCIPQZ,i have got ot use the freemium account how could i do it,ACCOUNT,switch_account,"I appreciate your interest in using the {{Account Category}} account. Allow me to guide you through the process:

1. Sign in: Start by logging into your account on our platform.
2. Navigate to Account Settings: Once logged in, proceed to the ""{{Settings}}"" section on the website.
3. Switch Account Type: Look for an option labeled ""{{Account Change}}"" or ""{{Upgrade Account}}"".
4. Select {{Account Category}} Account: Choose the ""{{Account Type}}"" option from the available choices.
5. Confirmation and Settings: Follow the prompts to complete the switch and customize your settings.

If you encounter any difficulties or have any further questions, please don't hesitate to reach out. We're here to assist you every step of the way. Enjoy the benefits of your new {{Account Category}} account!",UNPARSEABLE
B,help me using the {{Account Type}} account,ACCOUNT,switch_account,"Thank you for seeking assistance in utilizing our acclaimed {{Account Type}} account. I'm here to guide you with expert advice and ensure a seamless experience:

1. Account Access: Begin by logging into our platform using your credentials.
2. Navigating the Account: Once you're in, head over to your '{{Settings}}' or '{{Profile}}' section.
3. Account Upgrade: Look for an option labeled '{{Upgrade Account}}' or '{{Account Change}}'. This is where you can enhance your account to '{{Account Type}}'.
4. {{Account Type}} Account Selection: Choose the '{{Account Type}}' option from the provided list.
5. Finalize and Confirm: Follow the on-screen prompts to finalize the upgrade and confirm your {{Account Type}} account transition.

Should there be any queries or hurdles along the way, please don't hesitate to reach out. We truly appreciate your choice to elevate to our {{Account Type}} account and ensure an enhanced experience for you. Welcome to the {{Account Type}} club!""",change_shipping_address
BQ,need assistance switching to the {{Account Type}} account,ACCOUNT,switch_account,"I'm delighted to offer my expertise and make your transition to the {{Account Type}} account a seamless experience. Here's your personalized roadmap:

1. Unlock the Potential: Begin by signing in to your existing account.
2. Navigate to Profile Settings: Once logged in, locate the ""Account Settings"" or ""Profile"" section.
3. Level Up: Within this section, you'll find an option labeled ""Switch Account Type"" or ""Upgrade"".
4. Opt for the {{Account Type}} Account: Select the ""{{Account Type}} Account"" option from the available choices.
5. Finalize the Switch: Follow the on-screen prompts to complete the switch to the {{Account Type}} account.

Remember, I'm here to address any challenges you may encounter or to answer any additional questions you have along the way. Switching to the {{Account Type}} account is a wise choice, and I'm thrilled to be a part of your journey into its extraordinary features and benefits.",switch_account
BL,I have got to locate order {{Order Number}},ORDER,track_order,"Thank you for trusting us! I'm fully aware of you need assistance in locating your order with the order number {{Order Number}}. To find the current status of your order, please visit the '{{Order Status}}' section on our website. If you encounter any difficulties or have further questions, feel free to let me know. I'm here to provide you with the guidance you need and ensure a seamless experience.",check_invoice
BIL,can I see order {{Order Number}} current status?,ORDER,track_order,"Thank you for reaching out! I'm here to assist you in checking the current status of your order with the order number {{Order Number}}. To view the status, kindly visit the '{{Order Status}}' section on our website. If you have any other questions or need further assistance, feel free to ask. My goal is to provide you with a seamless and satisfying experience.",UNPARSEABLE
BCIPQZ,wanna check the status of order {{Order Number}} could uelp me,ORDER,track_order,"Honored to assist! I'm clued in that you would like assistance in checking the status of your order with the order number {{Order Number}}. I'm here to help you with that. To check the current status of your order, please visit the '{{Online Order Interaction}}' section on our website. If you have any other questions or need further guidance, feel free to ask. My goal is to ensure you have a seamless experience and find the information you need.",UNPARSEABLE
BLW,see purchase {{Order Number}} goddamn status,ORDER,track_order,"Thank you for reaching out! I'm here to assist you in checking the status of purchase number {{Order Number}}. To provide you with accurate information, could you please let me know the order number associated with your purchase? Once I have that information, I will be able to guide you on how to track your purchase.",check_invoice
BELP,I do not know how I could check the ETA of purchase {{Order Number}},ORDER,track_order,"Thank you for reaching out! I can definitely assist you with checking the estimated time of arrival (ETA) for your purchase with the purchase number {{Order Number}}. To view the ETA, you can visit our website and navigate to the '{{Online Order Interaction}}' section. In the order details, you should find the updated status along with the expected delivery date. If you need any further assistance or have any other questions, please feel free to let me know. My goal is to ensure you have a seamless and informed shopping experience!",track_order
BKL,show me ETA of purchase {{Order Number}},ORDER,track_order,"Thank you for reaching out! I'm happy to assist you in finding the estimated time of arrival (ETA) for your purchase with the purchase number {{Order Number}}. To provide you with the most accurate information, allow me a moment to retrieve the details. Please bear with me.",track_order
BCL,"I have to see order {{Order Number}} current status, help me",ORDER,track_order,"Happy to hear from you! I truly understand that you would like assistance in checking the current status of your order with the order number {{Order Number}}. To provide you with accurate information, could you please verify your order number? Once I have the correct order number, I'll be able to assist you in finding the current status.",check_invoice
BLNQZ,icant see the eta of purchase {{Order Number}},ORDER,track_order,"We're all ears! I'm tuned into the idea that you're having trouble accessing the estimated time of arrival (ETA) for your purchase with the purchase number {{Order Number}}. I apologize for any inconvenience this may have caused. To assist you further, could you please provide me with some additional information such as your account details or any error messages you may have encountered? This will enable me to investigate the issue and provide you with the necessary support. Rest assured, I'm committed to resolving this matter for you as quickly as possible.",delivery_period
BLQ,i need help seeing purchase {{Order Number}} status,ORDER,track_order,"Thank you for reaching out! I'm here to assist you with checking the status of your purchase with the order number {{Order Number}}. To view the current status, please visit the '{{Order Status}}' section on our website. If you have any other questions or need further assistance, feel free to let me know. I'm dedicated to ensuring you have a smooth and transparent purchasing experience.",check_invoice
BL,I have to see purchase {{Order Number}} current status,ORDER,track_order,"Thank you for contacting us! I understand that you would like to check the current status of your purchase with purchase number {{Order Number}}. To assist you with this, please visit the '{{Purchase Status}}' section on our website. If you have any further questions or need additional support, feel free to let me know. I'm here to ensure you have a seamless experience!",check_invoice
BLM,I try to see if there are any news on the reimbursement,REFUND,track_refund,"I realized you would like to check if there are any updates on your reimbursement. Your reimbursement is important to us, and we want to keep you informed every step of the way. Let me quickly check the latest status for you. Please bear with me for a moment while I fetch the information. Thank you for your patience.",check_refund_policy
BL,I try to check the restitution status,REFUND,track_refund,"I appreciate your efforts in trying to check the status of your restitution. Let me assist you in finding the information you need. Could you please provide me with the details of your refund? For example, the order number or any reference number associated with your refund. This information will help me track down the status and provide you with the most accurate update.",check_refund_policy
BIL,how to see if there is anything wrong with the restitution?,REFUND,track_refund,"I comprehend that you want to know how to check if there are any issues with your restitution. To ensure everything is in order, I recommend contacting our customer support team directly. They are well-equipped to assist you with any concerns regarding your restitution and can provide you with real-time updates and information. You can reach them through our helpline at {{Customer Support Phone Number}} or through the Live Chat on our website at {{Website URL}}. They will be more than happy to assist you and address any issues or questions you may have. Rest assured, we are dedicated to upholding a high standard of service and will do everything we can to resolve any concerns you may have about your restitution.",check_refund_policy
BIL,where do I check the reimbursement current status?,REFUND,track_refund,"Sure! I completely understand your need to stay updated on the current status of your reimbursement. To check the status of your reimbursement, you can visit our website and log in to your account. Once logged in, navigate to the ""My Account"" or ""Order History"" section, where you will find the details of your refund. If you have any trouble locating the information, please don't hesitate to reach out to our customer support team through the live chat on our website or by calling {{Customer Support Phone Number}}. We're here to assist you every step of the way!",check_refund_policy
BQ,i expect a refund of {{Currency Symbol}}{{Refund Amount}},REFUND,track_refund,Thank you for letting us know about your refund expectation of {{Currency Symbol}}{{Refund Amount}}. I understand the importance of this refund to you. Please allow me a moment to check the status of your refund and provide you with an update. Your patience is greatly appreciated.,check_refund_policy
BIL,what is my rebate status?,REFUND,track_refund,"I've noticed that you would like to know the status of your rebate. I'll be glad to assist you with this. To provide you with accurate information, could you please provide me with your {{Rebate ID}} or any other relevant details?",check_refund_policy
BILQ,how to see the status of my restitution,REFUND,track_refund,"Certainly! To check the status of your restitution, you can visit our website and log into your account. Once you're logged in, navigate to the 'My Orders' or 'My Transactions' section. There, you should be able to see the details of your refund, including the current status. If you have any trouble locating this information, please don't hesitate to reach out to our customer support team. They are available 24/7 at {{Customer Support Phone Number}} or through the Live Chat on our website at {{Website URL}}. We're here to help and provide you with the most up-to-date information regarding your restitution.",check_refund_policy
BLM,I try to see if there are any news on my reimbursement,REFUND,track_refund,I understand your eagerness to stay updated on the progress of your reimbursement. You'll be pleased to know that I'm committed to providing you with the latest updates and information. Let me quickly check the system for any news regarding your reimbursement. Please bear with me for a moment while I gather the details. I appreciate your patience and your trust in us to keep you informed.,check_refund_policy
BK,check status of refund,REFUND,track_refund,"I see your need to check the status of your refund. It's important to have clarity and peace of mind regarding your reimbursement. To assist you effectively, could you please provide me with the details of your refund, such as the refund request ID or the date of your refund submission? This information will help me track down the status of your refund accurately and provide you with the most up-to-date information.",check_refund_policy
BCL,"I want to track my rebate, I need assistance",REFUND,track_refund,"I'll get right on it! I understand that you'd like to track your rebate, and I'm here to help. To provide you with an accurate update, could you please provide me with the relevant information, such as the rebate reference number or any other details you have? With that information, I can quickly look into the current status of your rebate and provide you with the necessary assistance. Thank you for reaching out to us, and I appreciate your cooperation in resolving this matter promptly.",track_refund
